-- Auto-generated init SQL for LEMURS RADAR schema
-- Generated at: 2026-03-30 12:25:13
-- Configuration: seed=158350

-- Define Tables

CREATE TABLE umass_id (
    app_user_id INT PRIMARY KEY,
    umass_id VARCHAR(255),
    first_name VARCHAR(100),
    last_name VARCHAR(100),
    prefered_name VARCHAR(100),
    pronouns VARCHAR(50),
    date_of_birth DATE,
    email VARCHAR(255),
    phone_number VARCHAR(20),
    risk_score INT DEFAULT 0,
    risk_score_change INT DEFAULT 0,
    clinician VARCHAR(100),
    last_appointment_time TIMESTAMP,
    next_seen TIMESTAMP,
    notes TEXT,
    profile_picture INT
);

CREATE TABLE emergency_contacts (
    id SERIAL PRIMARY KEY,
    app_user_id INT,
    first_name VARCHAR(100),
    last_name VARCHAR(100),
    relationship VARCHAR(50),
    phone_number VARCHAR(20)
);

CREATE TABLE progress (
    app_user_id INT PRIMARY KEY,
    started TIMESTAMP
);

CREATE TABLE danger_alert (
    id SERIAL PRIMARY KEY,
    app_user_id INT,
    created_at TIMESTAMP,
    alert_message TEXT,
    risk_score_change INT,
    alert_type VARCHAR(100),
    clinician_name VARCHAR(100), -- Snapshot of clinician at alert time
    CONSTRAINT fk_user_alerts FOREIGN KEY(app_user_id) REFERENCES umass_id(app_user_id)
);

CREATE TABLE alert_settings (
    app_user_id INT PRIMARY KEY,
    start_time TIME,
    end_time TIME,
    days_of_week VARCHAR(100), -- e.g. "Mon,Tue,Wed"
    CONSTRAINT fk_user_alert FOREIGN KEY(app_user_id) REFERENCES umass_id(app_user_id)
);

CREATE TABLE health_metrics (
    app_user_id INT,
    date DATE,
    screentime_minutes INT,
    steps INT,
    sleep_minutes INT,
    bluetooth_devices_count INT,
    CONSTRAINT fk_user_metrics FOREIGN KEY(app_user_id) REFERENCES umass_id(app_user_id)
);

CREATE TABLE past_risk_scores (
    id INT,
    risk_score INT,
    timestamp TIMESTAMP
);

CREATE TABLE ccap_scores (
    id INT,
    ccap_score INT,
    date TIMESTAMP
);

-- Define View for main.py compatibility and easier querying
CREATE VIEW all_danger_alert AS
SELECT
    da.created_at,
    da.alert_message,
    NULL::TEXT AS question,
    NULL::TEXT AS answer,
    da.app_user_id
FROM danger_alert da;


-- Reset tables (order matters)
TRUNCATE TABLE danger_alert RESTART IDENTITY CASCADE;
TRUNCATE TABLE past_risk_scores RESTART IDENTITY CASCADE;
TRUNCATE TABLE health_metrics RESTART IDENTITY CASCADE;
TRUNCATE TABLE alert_settings RESTART IDENTITY CASCADE;
TRUNCATE TABLE progress RESTART IDENTITY CASCADE;
TRUNCATE TABLE emergency_contacts RESTART IDENTITY CASCADE;
TRUNCATE TABLE umass_id RESTART IDENTITY CASCADE;

INSERT INTO umass_id (app_user_id, umass_id, first_name, last_name, prefered_name, pronouns, date_of_birth, email, phone_number, risk_score, risk_score_change, clinician, last_appointment_time, next_seen, notes, profile_picture) VALUES
  (1, '11243371', 'Regina', 'Howell', NULL, 'She/Her', '2005-08-11', 'rhowell822@wpi.edu', '124-337-1509', 2, 2, 'Dr. Bob', '2026-03-30T16:00:00', '2026-04-06T15:30:00', NULL, 409),
  (2, '54858004', 'Lisa', 'Vasquez', 'Amanda', 'He/Him', '2000-04-14', 'lvasquez22@wpi.edu', '994-453-0054', 2, 2, 'Dr. Bob', '2026-03-26T11:30:00', '2026-04-02T10:00:00', NULL, 559),
  (3, '44801669', 'Amber', 'Ward', NULL, 'He/Him', '1999-05-03', 'award959@wpi.edu', '409-879-2581', 4, 3, 'Dr. Jane', '2026-03-27T14:00:00', '2026-04-03T12:00:00', NULL, 795),
  (4, '01297266', 'Arthur', 'Green', NULL, 'They/Them', '2001-09-11', 'agreen806@wpi.edu', '991-448-0166', 1, 1, 'Dr. Jane', '2026-03-24T13:45:00', '2026-03-31T16:45:00', NULL, 1011),
  (5, '71126496', 'Betty', 'Owen', NULL, 'She/Her', '2002-10-21', 'bowen688@wpi.edu', '368-503-8136', 7, 0, 'Dr. Bob', '2026-03-25T16:15:00', '2026-04-01T10:45:00', NULL, 180),
  (6, '24074689', 'Lisa', 'Peters', NULL, 'He/Him', '1999-05-02', 'lpeters556@wpi.edu', '297-266-6047', 2, 2, 'Dr. Bob', '2026-03-30T14:45:00', '2026-04-06T09:45:00', 'Check-in recommended twice weekly.', 1264),
  (7, '64435590', 'Taylor', 'Wall', NULL, 'She/Her', '2003-09-07', 'twall812@wpi.edu', '727-112-6496', 6, 2, 'Dr. Bob', '2026-03-27T09:15:00', '2026-04-03T16:45:00', NULL, 4),
  (8, '64628764', 'Emily', 'Bauer', NULL, 'Other', '2004-08-23', 'ebauer675@wpi.edu', '547-217-7168', 2, -1, 'Dr. Jane', '2026-03-30T10:30:00', '2026-04-06T09:00:00', NULL, 1305),
  (9, '51793058', 'Olivia', 'Thomas', NULL, 'Other', '1999-05-24', 'othomas872@wpi.edu', '468-988-8415', 5, 2, 'Dr. Jane', '2026-03-26T14:45:00', '2026-04-02T13:15:00', NULL, 107),
  (10, '72330910', 'Julie', 'Ramsey', NULL, 'He/Him', '2005-04-10', 'jramsey931@wpi.edu', '606-399-7264', 1, 2, 'Dr. Jane', '2026-03-27T13:45:00', '2026-04-03T09:30:00', NULL, 544),
  (11, '43119632', 'Joseph', 'Rivera', NULL, 'They/Them', '2005-11-17', 'jrivera477@wpi.edu', '906-487-6027', 7, -2, 'Dr. Jane', '2026-03-24T14:00:00', '2026-03-31T12:45:00', NULL, 229),
  (12, '51624993', 'Tony', 'Walker', NULL, 'They/Them', '2007-01-29', 'twalker566@wpi.edu', '866-462-8764', 5, 0, 'Dr. Jane', '2026-03-24T09:00:00', '2026-03-31T13:30:00', NULL, 599),
  (13, '85283768', 'Dominique', 'Costa', NULL, 'He/Him', '1999-05-13', 'dcosta276@wpi.edu', '814-003-8751', 1, 0, 'Dr. Jane', '2026-03-30T12:00:00', '2026-04-06T13:15:00', 'History of missed sleep goals.', 1131),
  (14, '66374558', 'Scott', 'Huffman', NULL, 'She/Her', '2007-09-01', 'shuffman922@wpi.edu', '586-829-5789', 4, -2, 'Dr. Jane', '2026-03-25T13:00:00', '2026-04-01T13:00:00', NULL, 632),
  (15, '83743115', 'Brianna', 'Kramer', 'Eric', 'He/Him', '2006-08-02', 'bkramer231@wpi.edu', '607-233-0910', 6, 1, 'Dr. Jane', '2026-03-27T14:15:00', '2026-04-03T15:00:00', NULL, 922),
  (16, '20885024', 'Rebekah', 'Norman', NULL, 'He/Him', '2004-04-25', 'rnorman930@wpi.edu', '274-704-5428', 3, 1, 'Dr. Bob', '2026-03-25T10:15:00', '2026-04-01T13:00:00', NULL, 774),
  (17, '20417377', 'Tiffany', 'Howard', 'James', 'She/Her', '2000-04-21', 'thoward302@wpi.edu', '632-702-2081', 4, -2, 'Dr. Jane', '2026-03-26T14:15:00', '2026-04-02T15:15:00', 'Follow up after next appointment.', 1),
  (18, '36768706', 'Molly', 'Vazquez', NULL, 'He/Him', '2002-05-01', 'mvazquez308@wpi.edu', '386-315-5162', 5, -1, 'Dr. Bob', '2026-03-30T16:00:00', '2026-04-06T16:30:00', NULL, 848),
  (19, '38449737', 'Heather', 'Lowe', NULL, 'They/Them', '2006-05-02', 'hlowe737@wpi.edu', '993-851-9800', 1, 1, 'Dr. Bob', '2026-03-30T13:00:00', '2026-04-06T09:00:00', NULL, 975),
  (20, '42079524', 'Danielle', 'Mitchell', NULL, 'He/Him', '2008-02-05', 'dmitchell749@wpi.edu', '467-908-5283', 4, -2, 'Dr. Bob', '2026-03-30T12:00:00', '2026-04-06T09:00:00', NULL, 480),
  (21, '02120378', 'Samuel', 'Dixon', NULL, 'They/Them', '2003-05-07', 'sdixon746@wpi.edu', '675-243-8042', 4, 0, 'Dr. Jane', '2026-03-24T10:00:00', '2026-03-31T09:15:00', 'Patient requires daily monitoring.', 505),
  (22, '82083297', 'Andrew', 'Jenkins', NULL, 'Other', '2007-09-22', 'ajenkins222@wpi.edu', '266-374-5581', 3, -2, 'Dr. Bob', '2026-03-30T10:15:00', '2026-04-06T12:15:00', 'Patient requires daily monitoring.', 91),
  (23, '22331033', 'Christopher', 'Evans', NULL, 'He/Him', '2006-05-26', 'cevans776@wpi.edu', '044-170-8374', 1, -1, 'Dr. Bob', '2026-03-27T12:15:00', '2026-04-03T09:30:00', NULL, 1101),
  (24, '17358548', 'James', 'Miller', NULL, 'They/Them', '2005-05-31', 'jmiller272@wpi.edu', '538-507-0752', 7, 2, 'Dr. Jane', '2026-03-30T12:30:00', '2026-04-06T14:00:00', 'Check-in recommended twice weekly.', 87),
  (25, '04344167', 'Alicia', 'Buck', NULL, 'Other', '1999-09-28', 'abuck618@wpi.edu', '572-020-8850', 4, 1, 'Dr. Bob', '2026-03-24T10:45:00', '2026-03-31T11:45:00', NULL, 598),
  (26, '55777549', 'Howard', 'Collins', NULL, 'They/Them', '2007-12-24', 'hcollins650@wpi.edu', '512-401-6022', 5, 1, 'Dr. Bob', '2026-03-30T12:45:00', '2026-04-06T12:15:00', NULL, 1140),
  (27, '96272091', 'Andre', 'Drake', NULL, 'Other', '2003-09-25', 'adrake173@wpi.edu', '774-254-0195', 2, -1, 'Dr. Bob', '2026-03-26T14:15:00', '2026-04-02T15:30:00', 'Patient requires daily monitoring.', 918),
  (28, '20762938', 'Amanda', 'Walton', NULL, 'She/Her', '2008-02-16', 'awalton509@wpi.edu', '621-240-3703', 4, -2, 'Dr. Bob', '2026-03-24T13:45:00', '2026-03-31T15:30:00', NULL, 306),
  (29, '15928954', 'Robert', 'Simmons', NULL, 'He/Him', '2007-03-26', 'rsimmons966@wpi.edu', '064-362-7088', 2, -1, 'Dr. Bob', '2026-03-30T10:30:00', '2026-04-06T09:30:00', NULL, 643),
  (30, '44766882', 'Kimberly', 'Morgan', NULL, 'Other', '2005-07-17', 'kmorgan372@wpi.edu', '453-844-9737', 2, -2, 'Dr. Bob', '2026-03-30T14:15:00', '2026-04-06T12:30:00', NULL, 417),
  (31, '31881828', 'Jennifer', 'Wright', NULL, 'Other', '2004-12-27', 'jwright795@wpi.edu', '743-400-0870', 1, 3, 'Dr. Jane', '2026-03-30T09:30:00', '2026-04-06T14:45:00', NULL, 315),
  (32, '43497549', 'Anthony', 'Moore', NULL, 'He/Him', '2003-06-06', 'amoore572@wpi.edu', '952-416-4319', 1, 0, 'Dr. Jane', '2026-03-24T13:15:00', '2026-03-31T13:00:00', NULL, 220),
  (33, '85408838', 'Brandon', 'Vaughan', NULL, 'He/Him', '2007-10-31', 'bvaughan706@wpi.edu', '385-021-2037', 1, 1, 'Dr. Jane', '2026-03-24T15:45:00', '2026-03-31T11:15:00', NULL, 1218),
  (34, '36841830', 'William', 'Coffey', NULL, 'They/Them', '2000-04-16', 'wcoffey805@wpi.edu', '493-108-0832', 1, 3, 'Dr. Bob', '2026-03-25T16:30:00', '2026-04-01T14:15:00', 'Check-in recommended twice weekly.', 1070),
  (35, '94321867', 'Kimberly', 'Sanchez', NULL, 'She/Her', '2002-06-05', 'ksanchez448@wpi.edu', '820-832-9730', 1, 2, 'Dr. Bob', '2026-03-30T09:00:00', '2026-04-06T14:45:00', NULL, 911),
  (36, '94681428', 'Chelsea', 'Davis', NULL, 'They/Them', '1999-11-26', 'cdavis50@wpi.edu', '332-105-0223', 2, 2, 'Dr. Jane', '2026-03-30T15:15:00', '2026-04-06T09:45:00', NULL, 1068),
  (37, '90879383', 'Mary', 'Jones', NULL, 'He/Him', '2006-12-09', 'mjones72@wpi.edu', '350-267-3920', 4, 3, 'Dr. Bob', '2026-03-26T11:30:00', '2026-04-02T10:15:00', NULL, 576),
  (38, '40062930', 'Justin', 'Powell', NULL, 'He/Him', '2007-12-15', 'jpowell937@wpi.edu', '517-358-5484', 3, -1, 'Dr. Bob', '2026-03-24T12:15:00', '2026-03-31T14:45:00', NULL, 530),
  (39, '51000678', 'Christina', 'Fritz', NULL, 'Other', '1999-07-10', 'cfritz865@wpi.edu', '934-951-0730', 2, -2, 'Dr. Jane', '2026-03-27T10:15:00', '2026-04-03T12:45:00', NULL, 1333),
  (40, '41624717', 'David', 'Rice', NULL, 'They/Them', '1999-06-16', 'drice891@wpi.edu', '344-167-9356', 7, 0, 'Dr. Bob', '2026-03-24T15:30:00', '2026-03-31T14:00:00', NULL, 1065),
  (41, '53150861', 'Timothy', 'Lawson', NULL, 'They/Them', '2006-04-25', 'tlawson748@wpi.edu', '627-747-5557', 8, 3, 'Dr. Bob', '2026-03-27T15:00:00', '2026-04-03T15:45:00', NULL, 976),
  (42, '49603184', 'Elizabeth', 'Henry', 'Krystal', 'He/Him', '2002-04-17', 'ehenry722@wpi.edu', '496-743-9633', 3, 1, 'Dr. Bob', '2026-03-26T10:30:00', '2026-04-02T09:15:00', NULL, 896),
  (43, '53363690', 'Shannon', 'Hawkins', NULL, 'They/Them', '2005-03-23', 'shawkins879@wpi.edu', '962-720-9126', 1, -1, 'Dr. Jane', '2026-03-30T16:15:00', '2026-04-06T13:45:00', NULL, 492),
  (44, '20896800', 'Amber', 'Mosley', NULL, 'They/Them', '2004-04-17', 'amosley287@wpi.edu', '884-853-6416', 1, -2, 'Dr. Jane', '2026-03-26T10:15:00', '2026-04-02T12:30:00', NULL, 144),
  (45, '03467964', 'Christopher', 'Villanueva', NULL, 'He/Him', '2000-11-05', 'cvillanueva420@wpi.edu', '207-629-3870', 1, -1, 'Dr. Jane', '2026-03-25T14:00:00', '2026-04-01T11:30:00', NULL, 416),
  (46, '95444457', 'Steven', 'Baker', 'Sabrina', 'They/Them', '2005-01-30', 'sbaker740@wpi.edu', '964-623-9115', 8, 2, 'Dr. Bob', '2026-03-30T15:00:00', '2026-04-06T09:30:00', NULL, 545),
  (47, '66132888', 'Sarah', 'Harmon', NULL, 'They/Them', '2006-11-04', 'sharmon499@wpi.edu', '895-480-2431', 5, 0, 'Dr. Bob', '2026-03-30T12:30:00', '2026-04-06T11:45:00', NULL, 1249),
  (48, '91847756', 'Mitchell', 'Morrison', NULL, 'He/Him', '2003-12-02', 'mmorrison808@wpi.edu', '526-644-7668', 1, 3, 'Dr. Bob', '2026-03-27T14:15:00', '2026-04-03T10:00:00', 'Check-in recommended twice weekly.', 458),
  (49, '69556082', 'Angela', 'Cox', 'Michelle', 'He/Him', '2007-08-06', 'acox478@wpi.edu', '153-353-4373', 4, 0, 'Dr. Bob', '2026-03-27T15:45:00', '2026-04-03T11:00:00', NULL, 238),
  (50, '38192152', 'Danny', 'Holt', NULL, 'He/Him', '2000-01-19', 'dholt11@wpi.edu', '285-114-0459', 1, -1, 'Dr. Bob', '2026-03-30T14:00:00', '2026-04-06T09:00:00', NULL, 305),
  (51, '28052511', 'Robert', 'Johnson', NULL, 'Other', '2008-01-11', 'rjohnson175@wpi.edu', '220-434-9754', 3, -1, 'Dr. Bob', '2026-03-30T09:00:00', '2026-04-06T15:45:00', NULL, 652),
  (52, '03438476', 'Carrie', 'Edwards', NULL, 'Other', '2006-08-20', 'cedwards207@wpi.edu', '434-091-0854', 10, 2, 'Dr. Jane', '2026-03-30T14:45:00', '2026-04-06T10:15:00', NULL, 1196),
  (53, '36120782', 'Brandon', 'Shaw', NULL, 'Other', '2004-03-27', 'bshaw939@wpi.edu', '097-066-9231', 1, 1, 'Dr. Jane', '2026-03-25T15:00:00', '2026-04-01T12:45:00', NULL, 887),
  (54, '47452864', 'Brooke', 'Patterson', NULL, 'Other', '2001-03-14', 'bpatterson101@wpi.edu', '841-830-4755', 7, -1, 'Dr. Jane', '2026-03-24T12:00:00', '2026-03-31T12:15:00', NULL, 455),
  (55, '80578314', 'Michelle', 'Taylor', 'Frances', 'He/Him', '2000-07-18', 'mtaylor563@wpi.edu', '829-432-1867', 10, 0, 'Dr. Jane', '2026-03-24T10:30:00', '2026-03-31T12:15:00', NULL, 1222),
  (56, '82660830', 'Samuel', 'Torres', NULL, 'He/Him', '2001-11-13', 'storres412@wpi.edu', '530-057-6782', 1, 2, 'Dr. Bob', '2026-03-30T14:45:00', '2026-04-06T10:30:00', NULL, 294),
  (57, '58690304', 'Jacqueline', 'Cook', NULL, 'They/Them', '2004-10-12', 'jcook588@wpi.edu', '468-142-8082', 5, 1, 'Dr. Bob', '2026-03-30T14:00:00', '2026-04-06T12:15:00', NULL, 569),
  (58, '45582292', 'Benjamin', 'York', NULL, 'He/Him', '1999-05-17', 'byork261@wpi.edu', '589-190-8793', 8, -1, 'Dr. Jane', '2026-03-26T09:45:00', '2026-04-02T10:00:00', NULL, 1239),
  (59, '88043367', 'Amy', 'Yoder', NULL, 'They/Them', '2005-10-20', 'ayoder912@wpi.edu', '110-682-4125', 3, 0, 'Dr. Bob', '2026-03-24T15:30:00', '2026-03-31T09:45:00', NULL, 806),
  (60, '48318799', 'Tara', 'Wilkinson', NULL, 'Other', '1999-05-16', 'twilkinson496@wpi.edu', '006-293-0253', 1, 1, 'Dr. Bob', '2026-03-25T09:00:00', '2026-04-01T12:15:00', NULL, 133),
  (61, '87593987', 'Michelle', 'Stein', NULL, 'She/Her', '2003-08-11', 'mstein477@wpi.edu', '466-510-0067', 7, 2, 'Dr. Bob', '2026-03-24T09:00:00', '2026-03-31T15:45:00', 'Patient requires daily monitoring.', 649),
  (62, '83324230', 'Zachary', 'Hill', NULL, 'Other', '2004-05-04', 'zhill245@wpi.edu', '107-133-7441', 3, -1, 'Dr. Bob', '2026-03-30T14:45:00', '2026-04-06T10:00:00', 'History of missed sleep goals.', 656),
  (63, '23678922', 'Richard', 'Martin', NULL, 'Other', '2003-09-16', 'rmartin440@wpi.edu', '747-655-1864', 6, -1, 'Dr. Bob', '2026-03-24T13:30:00', '2026-03-31T16:45:00', 'Check-in recommended twice weekly.', 1120),
  (64, '27493899', 'Cynthia', 'Morris', NULL, 'They/Them', '2006-04-29', 'cmorris351@wpi.edu', '508-610-7177', 7, 3, 'Dr. Jane', '2026-03-26T13:00:00', '2026-04-02T16:45:00', 'History of missed sleep goals.', 356),
  (65, '16008351', 'Lynn', 'Moody', NULL, 'Other', '2004-08-24', 'lmoody219@wpi.edu', '196-777-0104', 3, -1, 'Dr. Jane', '2026-03-25T09:15:00', '2026-04-01T10:30:00', NULL, 734),
  (66, '86520964', 'Barbara', 'Johnson', NULL, 'She/Her', '2006-04-23', 'bjohnson330@wpi.edu', '846-581-5036', 4, 2, 'Dr. Jane', '2026-03-30T10:15:00', '2026-04-06T16:00:00', NULL, 323),
  (67, '07313224', 'Brooke', 'Morales', 'Michael', 'She/Her', '2002-04-18', 'bmorales195@wpi.edu', '363-690-9793', 7, -2, 'Dr. Jane', '2026-03-26T10:45:00', '2026-04-02T15:30:00', NULL, 580),
  (68, '22237658', 'John', 'Choi', NULL, 'Other', '2001-06-21', 'jchoi696@wpi.edu', '734-208-9680', 6, 3, 'Dr. Jane', '2026-03-25T10:45:00', '2026-04-01T11:30:00', NULL, 1015),
  (69, '13425464', 'Sarah', 'Ramirez', NULL, 'Other', '1999-11-12', 'sramirez383@wpi.edu', '812-344-1810', 7, 1, 'Dr. Bob', '2026-03-30T11:45:00', '2026-04-06T14:15:00', NULL, 251),
  (70, '41389899', 'James', 'Mitchell', NULL, 'He/Him', '2005-02-22', 'jmitchell109@wpi.edu', '964-668-0335', 2, 1, 'Dr. Bob', '2026-03-30T10:45:00', '2026-04-06T11:45:00', NULL, 692),
  (71, '67461004', 'Andrew', 'Blankenship', NULL, 'She/Her', '2006-10-04', 'ablankenship394@wpi.edu', '304-954-4445', 4, 1, 'Dr. Bob', '2026-03-30T15:45:00', '2026-04-06T11:15:00', NULL, 224),
  (72, '05197136', 'Sean', 'Merritt', NULL, 'They/Them', '2007-08-08', 'smerritt54@wpi.edu', '061-095-4456', 3, 1, 'Dr. Jane', '2026-03-24T11:00:00', '2026-03-31T16:15:00', 'Patient requires daily monitoring.', 413),
  (73, '07500480', 'Kayla', 'Miller', NULL, 'Other', '2001-03-27', 'kmiller616@wpi.edu', '288-876-4545', 4, -1, 'Dr. Bob', '2026-03-26T15:30:00', '2026-04-02T10:30:00', NULL, 1236),
  (74, '90189007', 'James', 'Rogers', NULL, 'She/Her', '2000-09-20', 'jrogers697@wpi.edu', '799-009-1847', 8, 2, 'Dr. Jane', '2026-03-26T16:00:00', '2026-04-02T16:00:00', NULL, 856),
  (75, '95553630', 'Monica', 'Porter', 'Nicholas', 'They/Them', '2007-06-04', 'mporter334@wpi.edu', '678-539-1801', 2, -2, 'Dr. Bob', '2026-03-25T11:15:00', '2026-04-01T12:15:00', NULL, 7),
  (76, '34202634', 'Kathryn', 'Walker', 'Ricky', 'He/Him', '2007-09-08', 'kwalker799@wpi.edu', '955-608-2736', 1, -2, 'Dr. Jane', '2026-03-27T12:15:00', '2026-04-03T12:45:00', 'Patient requires daily monitoring.', 1188),
  (77, '56701066', 'Sean', 'Dyer', NULL, 'He/Him', '2002-12-20', 'sdyer376@wpi.edu', '697-921-3814', 1, -2, 'Dr. Bob', '2026-03-25T12:30:00', '2026-04-01T10:00:00', NULL, 1045),
  (78, '71397577', 'Bobby', 'Harris', NULL, 'Other', '2006-05-05', 'bharris847@wpi.edu', '921-520-2405', 2, -2, 'Dr. Bob', '2026-03-30T13:00:00', '2026-04-06T14:45:00', 'Check-in recommended twice weekly.', 191),
  (79, '39121534', 'Darryl', 'Johnson', NULL, 'He/Him', '2005-09-14', 'djohnson183@wpi.edu', '868-972-8052', 3, 2, 'Dr. Bob', '2026-03-25T09:30:00', '2026-04-01T15:00:00', 'Patient requires daily monitoring.', 197),
  (80, '93741646', 'Michael', 'Mejia', NULL, 'She/Her', '2000-01-22', 'mmejia760@wpi.edu', '453-750-1669', 1, -2, 'Dr. Bob', '2026-03-30T13:15:00', '2026-04-06T16:15:00', NULL, 1124),
  (81, '65234868', 'Louis', 'Moore', NULL, 'They/Them', '2003-06-22', 'lmoore632@wpi.edu', '034-384-7639', 5, 2, 'Dr. Bob', '2026-03-24T13:15:00', '2026-03-31T11:45:00', 'Check-in recommended twice weekly.', 1340),
  (82, '24305027', 'John', 'Carr', NULL, 'Other', '2002-06-23', 'jcarr118@wpi.edu', '613-679-9636', 3, 1, 'Dr. Jane', '2026-03-30T12:15:00', '2026-04-06T15:00:00', NULL, 67),
  (83, '43686278', 'Dawn', 'Anderson', NULL, 'He/Him', '1999-08-29', 'danderson600@wpi.edu', '782-568-0996', 1, 0, 'Dr. Bob', '2026-03-24T09:30:00', '2026-03-31T11:45:00', NULL, 1344),
  (84, '30128783', 'Kimberly', 'Hall', NULL, 'She/Her', '2006-12-02', 'khall30@wpi.edu', '632-747-4528', 3, 2, 'Dr. Jane', '2026-03-30T14:30:00', '2026-04-06T10:15:00', NULL, 420),
  (85, '33519412', 'Rhonda', 'Ramirez', NULL, 'They/Them', '2001-01-15', 'rramirez596@wpi.edu', '303-982-8313', 1, 0, 'Dr. Jane', '2026-03-30T11:15:00', '2026-04-06T12:00:00', NULL, 571),
  (86, '27170389', 'Brad', 'Sherman', NULL, 'Other', '2007-12-02', 'bsherman889@wpi.edu', '578-314-8751', 1, 0, 'Dr. Bob', '2026-03-30T13:45:00', '2026-04-06T09:15:00', NULL, 607),
  (87, '71285458', 'Laura', 'Harper', 'Christopher', 'He/Him', '2002-01-20', 'lharper371@wpi.edu', '339-780-8266', 2, 0, 'Dr. Jane', '2026-03-25T16:00:00', '2026-04-01T16:30:00', 'Patient requires daily monitoring.', 53),
  (88, '11333218', 'Meagan', 'Newman', NULL, 'She/Her', '2005-11-12', 'mnewman414@wpi.edu', '306-944-5868', 6, -2, 'Dr. Jane', '2026-03-30T14:15:00', '2026-04-06T10:30:00', NULL, 1153),
  (89, '00593761', 'Melissa', 'Roberts', NULL, 'She/Her', '2002-02-25', 'mroberts54@wpi.edu', '945-869-0304', 5, 2, 'Dr. Jane', '2026-03-26T14:15:00', '2026-04-02T10:45:00', NULL, 1157),
  (90, '02281800', 'Audrey', 'Perez', 'Jennifer', 'They/Them', '2003-03-12', 'aperez766@wpi.edu', '050-324-4590', 4, 0, 'Dr. Bob', '2026-03-26T14:30:00', '2026-04-02T11:45:00', NULL, 428),
  (91, '22431445', 'Laurie', 'Khan', NULL, 'She/Her', '2002-08-01', 'lkhan397@wpi.edu', '822-924-3090', 8, -1, 'Dr. Jane', '2026-03-27T10:00:00', '2026-04-03T15:30:00', NULL, 773),
  (92, '80716855', 'Timothy', 'Martinez', NULL, 'They/Them', '2000-12-16', 'tmartinez152@wpi.edu', '959-588-0433', 1, 2, 'Dr. Bob', '2026-03-30T15:45:00', '2026-04-06T11:30:00', 'Follow up after next appointment.', 326),
  (93, '42292719', 'Leah', 'Hamilton', NULL, 'She/Her', '2007-04-03', 'lhamilton90@wpi.edu', '284-688-6406', 1, -1, 'Dr. Jane', '2026-03-25T10:45:00', '2026-04-01T12:45:00', NULL, 193),
  (94, '63599563', 'Ashley', 'Osborne', NULL, 'They/Them', '2006-11-20', 'aosborne865@wpi.edu', '648-318-7997', 1, 2, 'Dr. Jane', '2026-03-30T14:15:00', '2026-04-06T14:30:00', 'Follow up after next appointment.', 547),
  (95, '11496120', 'Richard', 'Hodges', NULL, 'She/Her', '2008-01-20', 'rhodges896@wpi.edu', '600-382-1228', 2, -2, 'Dr. Bob', '2026-03-30T13:30:00', '2026-04-06T15:15:00', 'Follow up after next appointment.', 49),
  (96, '57383351', 'Dawn', 'Alexander', NULL, 'Other', '2008-03-08', 'dalexander45@wpi.edu', '939-877-0819', 1, -1, 'Dr. Bob', '2026-03-30T10:15:00', '2026-04-06T09:15:00', NULL, 1315),
  (97, '42734202', 'Rachael', 'Sawyer', NULL, 'They/Them', '2007-11-26', 'rsawyer327@wpi.edu', '088-806-8707', 5, 3, 'Dr. Bob', '2026-03-30T13:45:00', '2026-04-06T16:15:00', NULL, 1142),
  (98, '14459053', 'Alec', 'Klein', 'Kimberly', 'He/Him', '2006-01-18', 'aklein809@wpi.edu', '332-423-0336', 1, 1, 'Dr. Jane', '2026-03-25T09:00:00', '2026-04-01T12:00:00', NULL, 6),
  (99, '85212436', 'Edward', 'Cruz', NULL, 'They/Them', '2000-04-23', 'ecruz888@wpi.edu', '175-623-6789', 7, -1, 'Dr. Jane', '2026-03-26T13:45:00', '2026-04-02T16:45:00', NULL, 979),
  (100, '99231677', 'Garrett', 'Anderson', NULL, 'He/Him', '2000-06-30', 'ganderson250@wpi.edu', '254-989-4771', 4, 3, 'Dr. Jane', '2026-03-30T12:15:00', '2026-04-06T15:45:00', NULL, 1048);

INSERT INTO emergency_contacts (app_user_id, first_name, last_name, relationship, phone_number) VALUES
  (1, 'Michelle', 'Payne', 'Parent', '427-493-8995'),
  (1, 'Julie', 'Hudson', 'Parent', '917-722-7246'),
  (1, 'David', 'Johnson', 'Parent', '083-513-2002'),
  (2, 'Margaret', 'Douglas', 'Friend', '880-291-5575'),
  (2, 'Mark', 'Sanchez', 'Parent', '865-209-6458'),
  (2, 'Gabrielle', 'Walker', 'Friend', '199-371-9206'),
  (3, 'Jesse', 'Hensley', 'Friend', '731-322-4310'),
  (3, 'Donald', 'Jones', 'Parent', '964-604-9722'),
  (3, 'Edward', 'Clark', 'Sibling', '658-391-6247'),
  (4, 'Tyler', 'Cabrera', 'Sibling', '134-254-6458'),
  (4, 'Amber', 'Reyes', 'Partner', '512-652-3911'),
  (4, 'Sarah', 'House', 'Sibling', '138-989-9164'),
  (5, 'Jack', 'Miller', 'Parent', '627-356-6267'),
  (6, 'Natalie', 'Lozano', 'Sibling', '610-046-4186'),
  (6, 'Natalie', 'Jones', 'Sibling', '968-722-2118'),
  (6, 'Michael', 'Watson', 'Friend', '197-136-0632'),
  (7, 'Susan', 'Davis', 'Friend', '789-892-0891'),
  (7, 'Rachel', 'Bruce', 'Sibling', '707-500-4809'),
  (7, 'Jared', 'Robbins', 'Parent', '379-651-4629'),
  (8, 'Gregory', 'Alvarado', 'Partner', '290-189-0078'),
  (8, 'Mary', 'Jensen', 'Partner', '709-704-6034'),
  (9, 'Audrey', 'Schmitt', 'Friend', '555-363-0570'),
  (10, 'Sarah', 'Stanley', 'Friend', '938-833-7801'),
  (10, 'Stephanie', 'Calhoun', 'Sibling', '420-263-4090'),
  (11, 'Roberto', 'Mcconnell', 'Parent', '933-397-0169'),
  (11, 'Jill', 'Johnson', 'Other', '670-106-6594'),
  (11, 'Loretta', 'Gallagher', 'Friend', '341-118-6377'),
  (12, 'Charles', 'Harper', 'Partner', '757-719-6094'),
  (12, 'Cody', 'Stein', 'Friend', '719-210-3912'),
  (13, 'Daniel', 'Kelly', 'Other', '342-687-0846'),
  (13, 'Christine', 'Martinez', 'Parent', '015-182-9374'),
  (13, 'Daniel', 'Fischer', 'Partner', '460-965-9427'),
  (14, 'Donald', 'Mitchell', 'Sibling', '614-652-3486'),
  (14, 'Zachary', 'Smith', 'Sibling', '239-742-8982'),
  (14, 'Roger', 'Cooper', 'Parent', '962-430-5027'),
  (15, 'Danny', 'Shepard', 'Parent', '003-260-0143'),
  (15, 'Patrick', 'Reynolds', 'Parent', '278-982-4440'),
  (16, 'Deborah', 'Oconnor', 'Other', '526-230-1287'),
  (16, 'Angie', 'Sims', 'Friend', '308-328-5518'),
  (17, 'James', 'Olson', 'Other', '392-533-5194'),
  (18, 'Jacqueline', 'English', 'Partner', '993-431-2389'),
  (19, 'Whitney', 'Smith', 'Partner', '645-662-7170'),
  (19, 'John', 'George', 'Friend', '564-948-7034'),
  (20, 'Adam', 'Davis', 'Partner', '128-545-8547'),
  (20, 'Richard', 'Montoya', 'Partner', '707-411-0292'),
  (20, 'Christopher', 'Robinson', 'Other', '321-860-2585'),
  (21, 'Lauren', 'Valentine', 'Parent', '158-930-0593'),
  (22, 'Denise', 'Butler', 'Sibling', '010-491-9521'),
  (23, 'Marissa', 'Holt', 'Partner', '906-502-2818'),
  (23, 'Jennifer', 'Walters', 'Other', '047-988-5527'),
  (24, 'Joseph', 'Clark', 'Parent', '132-243-1445'),
  (24, 'Paul', 'Owen', 'Partner', '831-791-1864'),
  (25, 'Kimberly', 'Cummings', 'Friend', '695-807-1685'),
  (25, 'Samantha', 'Hernandez', 'Sibling', '756-682-4148'),
  (25, 'Erik', 'Harrison', 'Friend', '422-927-1919'),
  (26, 'Hailey', 'Torres', 'Other', '317-379-2156'),
  (26, 'John', 'Blair', 'Other', '995-639-9315'),
  (27, 'Jeremy', 'Johnston', 'Sibling', '424-493-1149'),
  (27, 'Ryan', 'Fry', 'Sibling', '085-809-8704'),
  (27, 'Ashley', 'Watson', 'Other', '683-234-0736'),
  (28, 'Elizabeth', 'Olson', 'Partner', '383-351-0244'),
  (28, 'Craig', 'Lloyd', 'Friend', '026-934-4427'),
  (29, 'Jason', 'Trevino', 'Partner', '202-555-1487'),
  (29, 'Todd', 'Porter', 'Parent', '815-014-4590'),
  (30, 'Natalie', 'Hall', 'Partner', '620-031-6404'),
  (30, 'Heather', 'Daniels', 'Parent', '212-436-0783'),
  (31, 'Sarah', 'Ray', 'Friend', '094-968-7770'),
  (31, 'Carla', 'Martin', 'Friend', '316-773-3533'),
  (32, 'Ronald', 'Bailey', 'Partner', '528-911-1415'),
  (33, 'Zachary', 'Chambers', 'Parent', '402-373-2183'),
  (33, 'Jeff', 'Cline', 'Other', '485-316-6614'),
  (34, 'Jonathan', 'Clay', 'Parent', '281-856-7591'),
  (34, 'Richard', 'Anderson', 'Sibling', '315-115-9408'),
  (35, 'Jeremy', 'Marshall', 'Parent', '497-680-0225'),
  (35, 'Tyler', 'Bryant', 'Partner', '795-246-9983'),
  (36, 'Shelley', 'Gonzalez', 'Other', '565-560-6615'),
  (36, 'Marissa', 'Rojas', 'Parent', '426-509-4027'),
  (37, 'Sandy', 'Rivers', 'Partner', '668-006-6018'),
  (38, 'Jonathan', 'Williams', 'Parent', '905-593-3815'),
  (38, 'Timothy', 'Anderson', 'Parent', '651-342-5965'),
  (39, 'Veronica', 'Bright', 'Friend', '431-084-7643'),
  (39, 'William', 'Jones', 'Sibling', '308-459-2832'),
  (39, 'Stephen', 'Taylor', 'Parent', '651-398-4818'),
  (40, 'David', 'Jones', 'Other', '015-215-1240'),
  (40, 'Stephen', 'Bryant', 'Parent', '843-890-1403'),
  (40, 'Cameron', 'Hendricks', 'Friend', '096-564-8903'),
  (41, 'Brent', 'Mitchell', 'Other', '820-182-1631'),
  (41, 'Raymond', 'Brady', 'Sibling', '603-519-3150'),
  (42, 'Valerie', 'Lawson', 'Sibling', '888-240-6285'),
  (42, 'Kelly', 'Hayes', 'Other', '774-153-6803'),
  (42, 'Mark', 'Clark', 'Parent', '877-039-6304'),
  (43, 'Natalie', 'Nelson', 'Partner', '455-590-8199'),
  (43, 'Caroline', 'Dyer', 'Sibling', '194-002-5503'),
  (44, 'Heather', 'Anderson', 'Partner', '945-130-3028'),
  (44, 'Ashley', 'Sullivan', 'Friend', '820-664-5083'),
  (44, 'Robert', 'Trujillo', 'Parent', '254-814-8368'),
  (45, 'Ashley', 'Wilson', 'Friend', '878-288-9236'),
  (46, 'Jillian', 'Garcia', 'Friend', '653-497-1023'),
  (47, 'Briana', 'Sanchez', 'Partner', '180-660-7421'),
  (47, 'Gregory', 'Dominguez', 'Friend', '148-568-9952'),
  (47, 'Sharon', 'Smith', 'Friend', '862-426-6271'),
  (48, 'Margaret', 'Everett', 'Parent', '724-687-8841'),
  (49, 'Jennifer', 'Barnes', 'Other', '670-968-9906'),
  (50, 'Joseph', 'Tucker', 'Partner', '427-566-2107'),
  (50, 'Cheryl', 'Holland', 'Partner', '937-341-5719'),
  (51, 'Michelle', 'Washington', 'Sibling', '342-348-3615'),
  (51, 'James', 'Wolf', 'Other', '233-026-6190'),
  (52, 'Brittney', 'Brandt', 'Parent', '672-814-6028'),
  (52, 'Derrick', 'Collins', 'Sibling', '064-547-9843'),
  (52, 'Gerald', 'Harris', 'Parent', '532-013-0753'),
  (53, 'Bailey', 'Sparks', 'Other', '200-031-0631'),
  (53, 'Erin', 'Fischer', 'Friend', '147-771-0657'),
  (53, 'Brian', 'Greene', 'Friend', '948-816-2958'),
  (54, 'Emily', 'Jarvis', 'Sibling', '306-131-2220'),
  (54, 'Emily', 'Thompson', 'Other', '641-551-3031'),
  (54, 'Jonathan', 'Thompson', 'Sibling', '235-001-3690'),
  (55, 'Jonathan', 'Mason', 'Sibling', '326-796-8488'),
  (55, 'Jennifer', 'Taylor', 'Partner', '699-185-2319'),
  (55, 'Shari', 'Wagner', 'Partner', '240-522-6940'),
  (56, 'Tammy', 'Harris', 'Parent', '334-551-2037'),
  (57, 'Brandon', 'Woods', 'Friend', '436-264-0353'),
  (57, 'Stacey', 'Robles', 'Parent', '338-382-6352'),
  (58, 'Michael', 'Fitzgerald', 'Other', '886-749-2249'),
  (59, 'Wayne', 'Peterson', 'Friend', '854-363-8079'),
  (59, 'Tanner', 'Maynard', 'Other', '362-047-8405'),
  (59, 'Marie', 'Li', 'Parent', '863-718-3338'),
  (60, 'Anthony', 'Ward', 'Parent', '521-873-1720'),
  (60, 'Mark', 'Smith', 'Parent', '416-974-5793'),
  (60, 'Marissa', 'Richards', 'Parent', '833-676-9794'),
  (61, 'Christopher', 'Brown', 'Friend', '200-080-8587'),
  (62, 'Angela', 'Smith', 'Parent', '674-368-0784'),
  (63, 'Oscar', 'Erickson', 'Parent', '176-644-2448'),
  (63, 'David', 'Porter', 'Sibling', '281-642-8454'),
  (64, 'Austin', 'Green', 'Parent', '277-688-3512'),
  (64, 'Thomas', 'Mccann', 'Partner', '344-781-1109'),
  (65, 'Tiffany', 'Hamilton', 'Partner', '909-875-6466'),
  (66, 'Courtney', 'Downs', 'Other', '208-401-8563'),
  (66, 'Andre', 'Hoffman', 'Friend', '720-078-7618'),
  (66, 'Ricardo', 'Hart', 'Sibling', '773-336-7947'),
  (67, 'Brandon', 'Haney', 'Other', '039-992-5348'),
  (67, 'Melissa', 'Bond', 'Parent', '807-343-3021'),
  (67, 'Lisa', 'Green', 'Parent', '473-839-9786'),
  (68, 'Nicole', 'Rowe', 'Friend', '155-653-6248'),
  (68, 'Melissa', 'Cox', 'Parent', '567-077-7113'),
  (68, 'Carlos', 'Lam', 'Sibling', '286-346-2079'),
  (69, 'Christian', 'Glenn', 'Parent', '846-769-4240'),
  (70, 'Adam', 'Ramirez', 'Parent', '291-554-8981'),
  (70, 'Todd', 'Cain', 'Other', '048-925-2399'),
  (71, 'Troy', 'Thompson', 'Friend', '956-677-5910'),
  (71, 'John', 'Morgan', 'Partner', '712-765-7114'),
  (72, 'Austin', 'Hill', 'Other', '340-223-2227'),
  (72, 'Julie', 'Lee', 'Other', '803-652-9657'),
  (73, 'Sharon', 'Cohen', 'Sibling', '048-575-2817'),
  (74, 'Donna', 'Campos', 'Partner', '876-225-8918'),
  (75, 'Deborah', 'Sutton', 'Friend', '011-283-1332'),
  (75, 'Richard', 'Young', 'Other', '102-211-1841'),
  (76, 'Beverly', 'Garcia', 'Sibling', '283-259-4918'),
  (76, 'Nicole', 'Shaw', 'Parent', '078-269-5835'),
  (76, 'Dennis', 'Johnson', 'Parent', '248-476-9563'),
  (77, 'Bryan', 'Guerrero', 'Other', '708-428-7841'),
  (77, 'Lisa', 'Ward', 'Sibling', '059-827-6821'),
  (77, 'Scott', 'Reid', 'Parent', '430-296-6400'),
  (78, 'Margaret', 'Yu', 'Sibling', '616-999-4963'),
  (78, 'Robert', 'Sutton', 'Parent', '230-342-5848'),
  (79, 'Samuel', 'Cochran', 'Parent', '570-423-8017'),
  (79, 'Tommy', 'Vincent', 'Partner', '323-225-8876'),
  (80, 'Willie', 'Jones', 'Parent', '769-189-8317'),
  (80, 'Stephanie', 'Jensen', 'Sibling', '273-711-8097'),
  (81, 'Kyle', 'Gonzalez', 'Parent', '512-948-9037'),
  (81, 'Brandon', 'Fuentes', 'Other', '800-717-6851'),
  (82, 'Richard', 'Gaines', 'Parent', '976-144-1059'),
  (83, 'Justin', 'Baker', 'Parent', '347-452-7356'),
  (83, 'Robert', 'Summers', 'Other', '130-815-7990'),
  (84, 'Richard', 'Edwards', 'Parent', '432-859-3751'),
  (84, 'Melissa', 'Smith', 'Other', '646-520-8121'),
  (84, 'Debra', 'White', 'Other', '073-559-1129'),
  (85, 'Brianna', 'Kennedy', 'Sibling', '621-771-3093'),
  (85, 'Stephen', 'Callahan', 'Friend', '215-547-2200'),
  (85, 'Craig', 'Phillips', 'Parent', '266-578-1123'),
  (86, 'Laura', 'Torres', 'Sibling', '163-847-0061'),
  (86, 'Amanda', 'Anderson', 'Other', '204-984-9341'),
  (87, 'Aaron', 'Cox', 'Friend', '783-669-2839'),
  (87, 'Mary', 'Shields', 'Parent', '473-444-0546'),
  (88, 'Bonnie', 'Schmidt', 'Parent', '105-380-1520'),
  (88, 'Jesse', 'Thompson', 'Partner', '276-525-9558'),
  (89, 'Juan', 'Wilkinson', 'Friend', '767-657-7158'),
  (89, 'George', 'Wilkerson', 'Parent', '328-818-0636'),
  (90, 'James', 'Fisher', 'Sibling', '859-209-4120'),
  (90, 'Jasmine', 'King', 'Partner', '546-775-8887'),
  (91, 'Kimberly', 'Russell', 'Other', '799-170-4654'),
  (91, 'Michael', 'White', 'Parent', '885-816-4543'),
  (91, 'Nathan', 'Mitchell', 'Sibling', '954-393-9360'),
  (92, 'Todd', 'Cooper', 'Parent', '731-768-5179'),
  (92, 'Sarah', 'Thomas', 'Sibling', '000-597-5111'),
  (93, 'James', 'Cook', 'Other', '144-570-0314'),
  (93, 'Ryan', 'Smith', 'Partner', '101-757-7724'),
  (94, 'Alexander', 'Lawrence', 'Partner', '448-277-0491'),
  (94, 'Christopher', 'Maxwell', 'Parent', '836-978-1213'),
  (94, 'Gregory', 'Austin', 'Sibling', '579-726-3177'),
  (95, 'Carol', 'Brown', 'Partner', '983-826-9009'),
  (95, 'Crystal', 'Thompson', 'Sibling', '853-894-7731'),
  (95, 'Kimberly', 'Hunter', 'Parent', '841-555-6790'),
  (96, 'Walter', 'Miles', 'Friend', '763-056-5401'),
  (96, 'Logan', 'Parker', 'Friend', '588-738-3320'),
  (97, 'Susan', 'Dudley', 'Friend', '041-415-6086'),
  (97, 'Jaclyn', 'Moore', 'Friend', '623-732-5943'),
  (97, 'Renee', 'Lewis', 'Friend', '656-009-6356'),
  (98, 'Candace', 'Phillips', 'Parent', '296-911-3384'),
  (98, 'Eric', 'Willis', 'Other', '954-517-9598'),
  (98, 'Stephanie', 'Sparks', 'Parent', '684-544-6874'),
  (99, 'Alexa', 'Reed', 'Other', '760-708-0210'),
  (99, 'Christine', 'Cook', 'Other', '667-495-3554'),
  (99, 'Joe', 'Clarke', 'Parent', '409-389-1380'),
  (100, 'Juan', 'Pham', 'Friend', '469-952-3654'),
  (100, 'James', 'Wallace', 'Parent', '502-761-2935'),
  (100, 'Danielle', 'Cohen', 'Parent', '887-221-7438');

INSERT INTO progress (app_user_id, started) VALUES
  (1, '2026-01-16'),
  (2, '2025-10-18'),
  (3, '2025-10-10'),
  (4, '2026-03-07'),
  (5, '2025-12-12'),
  (6, '2025-04-08'),
  (7, '2026-01-23'),
  (8, '2025-10-17'),
  (9, '2025-05-30'),
  (10, '2025-11-08'),
  (11, '2025-10-04'),
  (12, '2026-02-11'),
  (13, '2025-12-15'),
  (14, '2026-03-17'),
  (15, '2025-04-20'),
  (16, '2025-12-09'),
  (17, '2026-03-06'),
  (18, '2026-01-01'),
  (19, '2025-07-02'),
  (20, '2025-06-10'),
  (21, '2025-09-04'),
  (22, '2025-12-26'),
  (23, '2025-04-28'),
  (24, '2025-06-29'),
  (25, '2026-01-13'),
  (26, '2025-04-18'),
  (27, '2026-03-20'),
  (28, '2025-05-14'),
  (29, '2025-05-07'),
  (30, '2025-09-18'),
  (31, '2025-04-23'),
  (32, '2025-09-13'),
  (33, '2025-11-12'),
  (34, '2025-05-01'),
  (35, '2025-10-19'),
  (36, '2026-03-02'),
  (37, '2025-06-26'),
  (38, '2025-12-04'),
  (39, '2025-09-01'),
  (40, '2025-09-12'),
  (41, '2025-04-04'),
  (42, '2026-01-14'),
  (43, '2025-09-23'),
  (44, '2025-11-10'),
  (45, '2025-07-12'),
  (46, '2026-02-24'),
  (47, '2025-11-12'),
  (48, '2025-07-07'),
  (49, '2025-12-01'),
  (50, '2025-09-19'),
  (51, '2025-06-28'),
  (52, '2025-06-12'),
  (53, '2025-10-02'),
  (54, '2026-01-31'),
  (55, '2025-07-09'),
  (56, '2025-07-15'),
  (57, '2025-08-03'),
  (58, '2025-06-18'),
  (59, '2026-01-12'),
  (60, '2025-06-16'),
  (61, '2025-04-11'),
  (62, '2025-07-01'),
  (63, '2025-06-01'),
  (64, '2026-01-12'),
  (65, '2025-12-08'),
  (66, '2025-04-28'),
  (67, '2025-08-20'),
  (68, '2025-04-16'),
  (69, '2026-02-08'),
  (70, '2025-08-24'),
  (71, '2025-09-26'),
  (72, '2025-11-27'),
  (73, '2025-10-31'),
  (74, '2025-06-15'),
  (75, '2025-08-10'),
  (76, '2026-02-23'),
  (77, '2026-03-10'),
  (78, '2026-01-11'),
  (79, '2025-12-04'),
  (80, '2025-06-03'),
  (81, '2026-02-06'),
  (82, '2025-11-26'),
  (83, '2025-06-28'),
  (84, '2026-02-07'),
  (85, '2025-06-30'),
  (86, '2026-03-08'),
  (87, '2025-08-21'),
  (88, '2025-04-22'),
  (89, '2025-08-21'),
  (90, '2026-03-01'),
  (91, '2025-07-26'),
  (92, '2025-11-01'),
  (93, '2026-01-21'),
  (94, '2026-02-17'),
  (95, '2025-12-31'),
  (96, '2025-10-02'),
  (97, '2025-04-08'),
  (98, '2025-11-11'),
  (99, '2026-02-07'),
  (100, '2025-11-15');

INSERT INTO danger_alert (id, app_user_id, created_at, alert_message, risk_score_change, alert_type, clinician_name) VALUES
  (2, 52, '2026-03-21T09:50:13.563068', 'Medication non-adherence detected', 4, 'Medication', 'Dr. Jane'),
  (1, 52, '2026-03-22T21:27:13.563068', 'Self-harm risk detected', 5, 'Self Harm', 'Dr. Jane'),
  (3, 52, '2026-03-23T15:11:13.563068', 'Concerning check-in detected', 2, 'Check-In', 'Dr. Jane');

INSERT INTO alert_settings (app_user_id, start_time, end_time, days_of_week) VALUES
  (15, '08:00:00', '19:00:00', 'Thu,Fri,Wed'),
  (25, '11:00:00', '16:00:00', 'Thu,Mon,Tue,Fri,Wed'),
  (53, '10:00:00', '17:00:00', 'Tue,Fri,Mon,Wed,Thu'),
  (63, '09:00:00', '18:00:00', 'Sun,Thu'),
  (83, '08:00:00', '16:00:00', 'Mon,Thu,Fri'),
  (84, '08:00:00', '18:00:00', 'Mon,Fri,Tue,Wed,Thu'),
  (85, '09:00:00', '18:00:00', 'Thu,Tue'),
  (89, '08:00:00', '19:00:00', 'Tue,Mon'),
  (95, '09:00:00', '19:00:00', 'Wed,Fri,Thu,Mon'),
  (97, '08:00:00', '18:00:00', 'Tue,Wed,Mon'),
  (98, '09:00:00', '19:00:00', 'Fri,Wed');

INSERT INTO health_metrics (app_user_id, date, screentime_minutes, steps, sleep_minutes, bluetooth_devices_count) VALUES
  (1, '2026-03-24', 340, 10043, 617, 18),
  (1, '2026-03-25', 265, 10727, 362, 5),
  (1, '2026-03-26', 321, 11549, 300, 17),
  (1, '2026-03-27', 479, 7868, 359, 8),
  (1, '2026-03-28', 182, 12022, 697, 11),
  (1, '2026-03-29', 210, 6888, 204, 12),
  (1, '2026-03-30', 193, 5019, 568, 19),
  (2, '2026-03-24', 252, 2449, 388, 8),
  (2, '2026-03-25', 247, 6888, 503, 12),
  (2, '2026-03-26', 182, 4388, 234, 8),
  (2, '2026-03-27', 459, 10182, 229, 16),
  (2, '2026-03-28', 260, 13588, 478, 8),
  (2, '2026-03-29', 333, 5049, 587, 10),
  (2, '2026-03-30', 136, 13682, 396, 11),
  (3, '2026-03-24', 230, 14846, 515, 8),
  (3, '2026-03-25', 218, 14413, 400, 18),
  (3, '2026-03-26', 213, 14467, 564, 8),
  (3, '2026-03-27', 305, 14962, 343, 12),
  (3, '2026-03-28', 262, 14053, 564, 15),
  (3, '2026-03-29', 263, 12192, 365, 5),
  (3, '2026-03-30', 273, 11233, 694, 11),
  (4, '2026-03-24', 377, 12345, 505, 9),
  (4, '2026-03-25', 461, 5920, 568, 7),
  (4, '2026-03-26', 398, 2806, 663, 19),
  (4, '2026-03-27', 359, 2571, 675, 8),
  (4, '2026-03-28', 338, 4794, 213, 9),
  (4, '2026-03-29', 453, 9661, 489, 1),
  (4, '2026-03-30', 288, 8982, 716, 13),
  (5, '2026-03-24', 222, 13775, 652, 3),
  (5, '2026-03-25', 381, 5527, 387, 8),
  (5, '2026-03-26', 386, 2456, 549, 8),
  (5, '2026-03-27', 283, 4980, 270, 18),
  (5, '2026-03-28', 363, 6082, 298, 16),
  (5, '2026-03-29', 470, 4544, 209, 11),
  (5, '2026-03-30', 385, 2087, 441, 4),
  (6, '2026-03-24', 330, 13909, 649, 10),
  (6, '2026-03-25', 284, 9714, 385, 9),
  (6, '2026-03-26', 419, 10996, 377, 8),
  (6, '2026-03-27', 340, 9967, 581, 19),
  (6, '2026-03-28', 359, 11407, 447, 3),
  (6, '2026-03-29', 434, 2891, 630, 6),
  (6, '2026-03-30', 129, 2208, 221, 17),
  (7, '2026-03-24', 120, 10842, 539, 17),
  (7, '2026-03-25', 366, 11063, 204, 1),
  (7, '2026-03-26', 298, 14010, 592, 15),
  (7, '2026-03-27', 261, 5703, 608, 17),
  (7, '2026-03-28', 128, 9227, 470, 13),
  (7, '2026-03-29', 322, 3061, 688, 14),
  (7, '2026-03-30', 331, 6325, 476, 5),
  (8, '2026-03-24', 272, 6674, 314, 14),
  (8, '2026-03-25', 376, 11010, 316, 17),
  (8, '2026-03-26', 156, 8395, 486, 6),
  (8, '2026-03-27', 393, 6281, 501, 10),
  (8, '2026-03-28', 137, 3065, 446, 2),
  (8, '2026-03-29', 472, 4200, 630, 16),
  (8, '2026-03-30', 465, 13114, 565, 18),
  (9, '2026-03-24', 393, 5754, 550, 4),
  (9, '2026-03-25', 214, 9756, 471, 7),
  (9, '2026-03-26', 252, 6818, 686, 18),
  (9, '2026-03-27', 153, 3481, 264, 2),
  (9, '2026-03-28', 422, 3882, 625, 17),
  (9, '2026-03-29', 418, 2078, 695, 16),
  (9, '2026-03-30', 305, 8824, 463, 14),
  (10, '2026-03-24', 343, 12263, 573, 12),
  (10, '2026-03-25', 186, 2339, 475, 2),
  (10, '2026-03-26', 152, 13825, 532, 13),
  (10, '2026-03-27', 220, 2279, 340, 15),
  (10, '2026-03-28', 457, 4221, 215, 1),
  (10, '2026-03-29', 359, 10413, 655, 14),
  (10, '2026-03-30', 158, 11085, 589, 19),
  (11, '2026-03-24', 387, 9986, 631, 8),
  (11, '2026-03-25', 241, 14575, 434, 14),
  (11, '2026-03-26', 354, 11578, 473, 15),
  (11, '2026-03-27', 143, 14049, 213, 7),
  (11, '2026-03-28', 420, 12027, 325, 11),
  (11, '2026-03-29', 234, 6321, 718, 15),
  (11, '2026-03-30', 455, 12397, 241, 16),
  (12, '2026-03-24', 220, 6539, 427, 7),
  (12, '2026-03-25', 129, 4176, 259, 9),
  (12, '2026-03-26', 258, 9616, 408, 18),
  (12, '2026-03-27', 467, 5223, 663, 18),
  (12, '2026-03-28', 338, 13532, 307, 3),
  (12, '2026-03-29', 304, 7643, 616, 11),
  (12, '2026-03-30', 222, 8919, 336, 10),
  (13, '2026-03-24', 398, 3928, 551, 11),
  (13, '2026-03-25', 292, 8259, 649, 1),
  (13, '2026-03-26', 372, 9812, 633, 3),
  (13, '2026-03-27', 159, 5414, 249, 5),
  (13, '2026-03-28', 209, 11161, 604, 7),
  (13, '2026-03-29', 478, 12608, 479, 14),
  (13, '2026-03-30', 204, 2982, 660, 20),
  (14, '2026-03-24', 160, 3390, 319, 18),
  (14, '2026-03-25', 248, 9042, 654, 14),
  (14, '2026-03-26', 425, 12753, 493, 5),
  (14, '2026-03-27', 259, 2228, 186, 2),
  (14, '2026-03-28', 262, 12910, 315, 19),
  (14, '2026-03-29', 176, 13790, 524, 11),
  (14, '2026-03-30', 262, 10803, 282, 16),
  (15, '2026-03-24', 400, 3927, 217, 9),
  (15, '2026-03-25', 395, 12096, 371, 12),
  (15, '2026-03-26', 200, 5183, 685, 2),
  (15, '2026-03-27', 210, 10014, 505, 14),
  (15, '2026-03-28', 332, 9328, 630, 12),
  (15, '2026-03-29', 411, 3359, 240, 8),
  (15, '2026-03-30', 420, 7558, 640, 3),
  (16, '2026-03-24', 195, 13412, 674, 14),
  (16, '2026-03-25', 307, 12930, 669, 4),
  (16, '2026-03-26', 162, 6428, 216, 9),
  (16, '2026-03-27', 234, 6169, 211, 6),
  (16, '2026-03-28', 212, 13437, 383, 6),
  (16, '2026-03-29', 202, 13930, 329, 16),
  (16, '2026-03-30', 304, 5119, 403, 17),
  (17, '2026-03-24', 145, 5362, 606, 11),
  (17, '2026-03-25', 196, 11785, 589, 11),
  (17, '2026-03-26', 361, 14935, 235, 9),
  (17, '2026-03-27', 399, 7717, 650, 12),
  (17, '2026-03-28', 204, 10718, 280, 15),
  (17, '2026-03-29', 458, 6044, 641, 13),
  (17, '2026-03-30', 205, 5066, 543, 18),
  (18, '2026-03-24', 431, 3553, 403, 1),
  (18, '2026-03-25', 162, 12853, 244, 5),
  (18, '2026-03-26', 389, 13237, 374, 4),
  (18, '2026-03-27', 228, 13248, 423, 6),
  (18, '2026-03-28', 325, 3950, 421, 1),
  (18, '2026-03-29', 180, 2551, 348, 5),
  (18, '2026-03-30', 179, 3140, 288, 18),
  (19, '2026-03-24', 257, 3503, 284, 6),
  (19, '2026-03-25', 207, 10696, 373, 6),
  (19, '2026-03-26', 310, 11517, 481, 20),
  (19, '2026-03-27', 168, 10681, 641, 17),
  (19, '2026-03-28', 131, 9911, 719, 5),
  (19, '2026-03-29', 342, 14381, 563, 17),
  (19, '2026-03-30', 231, 7353, 316, 2),
  (20, '2026-03-24', 204, 4100, 461, 18),
  (20, '2026-03-25', 480, 12300, 462, 15),
  (20, '2026-03-26', 313, 13278, 512, 13),
  (20, '2026-03-27', 217, 3017, 363, 15),
  (20, '2026-03-28', 149, 10901, 475, 6),
  (20, '2026-03-29', 377, 9664, 489, 4),
  (20, '2026-03-30', 392, 7892, 209, 12),
  (21, '2026-03-24', 426, 10765, 364, 15),
  (21, '2026-03-25', 314, 10791, 318, 3),
  (21, '2026-03-26', 344, 12405, 444, 7),
  (21, '2026-03-27', 120, 4299, 613, 14),
  (21, '2026-03-28', 454, 12889, 440, 1),
  (21, '2026-03-29', 148, 7354, 387, 14),
  (21, '2026-03-30', 183, 8941, 449, 20),
  (22, '2026-03-24', 313, 12828, 405, 14),
  (22, '2026-03-25', 277, 13208, 313, 8),
  (22, '2026-03-26', 145, 5259, 456, 6),
  (22, '2026-03-27', 306, 10995, 481, 17),
  (22, '2026-03-28', 344, 10745, 561, 16),
  (22, '2026-03-29', 143, 6693, 355, 8),
  (22, '2026-03-30', 377, 2001, 270, 16),
  (23, '2026-03-24', 369, 10460, 377, 7),
  (23, '2026-03-25', 192, 5696, 324, 6),
  (23, '2026-03-26', 308, 10407, 708, 15),
  (23, '2026-03-27', 335, 10420, 250, 15),
  (23, '2026-03-28', 321, 11330, 252, 18),
  (23, '2026-03-29', 434, 10951, 429, 4),
  (23, '2026-03-30', 364, 7600, 353, 15),
  (24, '2026-03-24', 227, 9639, 272, 3),
  (24, '2026-03-25', 395, 2603, 648, 10),
  (24, '2026-03-26', 222, 12952, 544, 3),
  (24, '2026-03-27', 196, 13754, 467, 18),
  (24, '2026-03-28', 440, 12103, 220, 8),
  (24, '2026-03-29', 346, 2764, 504, 4),
  (24, '2026-03-30', 391, 2397, 220, 15),
  (25, '2026-03-24', 161, 10110, 580, 17),
  (25, '2026-03-25', 303, 3394, 593, 5),
  (25, '2026-03-26', 445, 12020, 674, 13),
  (25, '2026-03-27', 178, 14644, 475, 9),
  (25, '2026-03-28', 460, 3869, 243, 11),
  (25, '2026-03-29', 437, 6654, 413, 9),
  (25, '2026-03-30', 149, 5132, 469, 15),
  (26, '2026-03-24', 279, 7804, 313, 15),
  (26, '2026-03-25', 247, 7546, 615, 14),
  (26, '2026-03-26', 350, 11065, 292, 7),
  (26, '2026-03-27', 145, 10482, 268, 12),
  (26, '2026-03-28', 348, 11316, 203, 13),
  (26, '2026-03-29', 279, 12765, 485, 8),
  (26, '2026-03-30', 195, 10205, 518, 20),
  (27, '2026-03-24', 231, 12870, 690, 11),
  (27, '2026-03-25', 162, 6063, 189, 4),
  (27, '2026-03-26', 319, 14136, 440, 13),
  (27, '2026-03-27', 297, 4799, 199, 18),
  (27, '2026-03-28', 159, 4660, 299, 6),
  (27, '2026-03-29', 397, 12736, 208, 16),
  (27, '2026-03-30', 220, 8133, 549, 19),
  (28, '2026-03-24', 160, 3856, 342, 20),
  (28, '2026-03-25', 421, 7382, 664, 14),
  (28, '2026-03-26', 333, 14934, 352, 3),
  (28, '2026-03-27', 356, 13804, 684, 3),
  (28, '2026-03-28', 246, 2099, 393, 15),
  (28, '2026-03-29', 431, 11989, 344, 3),
  (28, '2026-03-30', 311, 7596, 479, 15),
  (29, '2026-03-24', 205, 4568, 219, 1),
  (29, '2026-03-25', 171, 12061, 482, 11),
  (29, '2026-03-26', 474, 4746, 624, 13),
  (29, '2026-03-27', 305, 14649, 659, 17),
  (29, '2026-03-28', 176, 3334, 333, 7),
  (29, '2026-03-29', 231, 6988, 254, 13),
  (29, '2026-03-30', 236, 10369, 451, 15),
  (30, '2026-03-24', 132, 12420, 230, 13),
  (30, '2026-03-25', 161, 10788, 667, 5),
  (30, '2026-03-26', 381, 4417, 192, 10),
  (30, '2026-03-27', 431, 13931, 490, 20),
  (30, '2026-03-28', 219, 13661, 456, 3),
  (30, '2026-03-29', 121, 7944, 692, 15),
  (30, '2026-03-30', 474, 10560, 429, 13),
  (31, '2026-03-24', 327, 12212, 309, 18),
  (31, '2026-03-25', 225, 11598, 401, 10),
  (31, '2026-03-26', 371, 6022, 463, 10),
  (31, '2026-03-27', 267, 3023, 500, 10),
  (31, '2026-03-28', 343, 11533, 626, 18),
  (31, '2026-03-29', 162, 2692, 530, 8),
  (31, '2026-03-30', 405, 2003, 282, 11),
  (32, '2026-03-24', 186, 13933, 193, 8),
  (32, '2026-03-25', 210, 9123, 338, 15),
  (32, '2026-03-26', 343, 7674, 360, 12),
  (32, '2026-03-27', 418, 13398, 506, 12),
  (32, '2026-03-28', 401, 6603, 663, 15),
  (32, '2026-03-29', 338, 9276, 576, 11),
  (32, '2026-03-30', 361, 9269, 246, 12),
  (33, '2026-03-24', 379, 4810, 551, 8),
  (33, '2026-03-25', 210, 10719, 713, 4),
  (33, '2026-03-26', 377, 2481, 593, 7),
  (33, '2026-03-27', 329, 5172, 237, 14),
  (33, '2026-03-28', 433, 10864, 555, 19),
  (33, '2026-03-29', 207, 3022, 488, 3),
  (33, '2026-03-30', 210, 2063, 495, 9),
  (34, '2026-03-24', 461, 8127, 454, 13),
  (34, '2026-03-25', 458, 9977, 635, 12),
  (34, '2026-03-26', 406, 11131, 716, 16),
  (34, '2026-03-27', 304, 8684, 521, 15),
  (34, '2026-03-28', 414, 11433, 290, 16),
  (34, '2026-03-29', 148, 6696, 589, 12),
  (34, '2026-03-30', 252, 7850, 355, 6),
  (35, '2026-03-24', 396, 10401, 529, 18),
  (35, '2026-03-25', 158, 9048, 489, 12),
  (35, '2026-03-26', 448, 13175, 472, 7),
  (35, '2026-03-27', 310, 2501, 471, 14),
  (35, '2026-03-28', 414, 7384, 485, 8),
  (35, '2026-03-29', 408, 5730, 396, 13),
  (35, '2026-03-30', 124, 9938, 212, 12),
  (36, '2026-03-24', 345, 10036, 406, 4),
  (36, '2026-03-25', 352, 13496, 566, 18),
  (36, '2026-03-26', 303, 3630, 642, 20),
  (36, '2026-03-27', 184, 4320, 603, 1),
  (36, '2026-03-28', 132, 2411, 550, 20),
  (36, '2026-03-29', 370, 7329, 253, 3),
  (36, '2026-03-30', 173, 5136, 522, 4),
  (37, '2026-03-24', 254, 6160, 557, 16),
  (37, '2026-03-25', 146, 14832, 237, 7),
  (37, '2026-03-26', 155, 6428, 623, 18),
  (37, '2026-03-27', 125, 8973, 301, 2),
  (37, '2026-03-28', 180, 9342, 559, 16),
  (37, '2026-03-29', 473, 9230, 668, 5),
  (37, '2026-03-30', 250, 2226, 379, 9),
  (38, '2026-03-24', 440, 6285, 347, 15),
  (38, '2026-03-25', 355, 2870, 485, 20),
  (38, '2026-03-26', 463, 3432, 265, 5),
  (38, '2026-03-27', 305, 11157, 393, 13),
  (38, '2026-03-28', 422, 10123, 288, 5),
  (38, '2026-03-29', 464, 3389, 374, 6),
  (38, '2026-03-30', 434, 9275, 539, 16),
  (39, '2026-03-24', 410, 9805, 333, 13),
  (39, '2026-03-25', 217, 13663, 266, 16),
  (39, '2026-03-26', 348, 11809, 577, 2),
  (39, '2026-03-27', 346, 12146, 419, 18),
  (39, '2026-03-28', 472, 4172, 579, 20),
  (39, '2026-03-29', 138, 2097, 570, 6),
  (39, '2026-03-30', 176, 13095, 513, 7),
  (40, '2026-03-24', 403, 12949, 468, 16),
  (40, '2026-03-25', 354, 14623, 432, 4),
  (40, '2026-03-26', 379, 8183, 453, 3),
  (40, '2026-03-27', 303, 7305, 524, 14),
  (40, '2026-03-28', 347, 11648, 183, 17),
  (40, '2026-03-29', 268, 13496, 240, 16),
  (40, '2026-03-30', 321, 5455, 192, 11),
  (41, '2026-03-24', 324, 14714, 528, 9),
  (41, '2026-03-25', 123, 3345, 504, 16),
  (41, '2026-03-26', 277, 7763, 709, 17),
  (41, '2026-03-27', 360, 5510, 715, 8),
  (41, '2026-03-28', 242, 4309, 198, 9),
  (41, '2026-03-29', 209, 2951, 488, 3),
  (41, '2026-03-30', 257, 3949, 547, 14),
  (42, '2026-03-24', 128, 10781, 594, 13),
  (42, '2026-03-25', 201, 5949, 568, 5),
  (42, '2026-03-26', 239, 12240, 654, 7),
  (42, '2026-03-27', 211, 7224, 445, 7),
  (42, '2026-03-28', 230, 3871, 593, 12),
  (42, '2026-03-29', 332, 2689, 238, 19),
  (42, '2026-03-30', 457, 8572, 375, 11),
  (43, '2026-03-24', 453, 8781, 639, 10),
  (43, '2026-03-25', 132, 12890, 358, 19),
  (43, '2026-03-26', 328, 11757, 287, 3),
  (43, '2026-03-27', 231, 5289, 704, 10),
  (43, '2026-03-28', 200, 10968, 521, 10),
  (43, '2026-03-29', 306, 3281, 690, 19),
  (43, '2026-03-30', 282, 11530, 698, 4),
  (44, '2026-03-24', 315, 10577, 485, 12),
  (44, '2026-03-25', 272, 14380, 443, 13),
  (44, '2026-03-26', 383, 9838, 442, 17),
  (44, '2026-03-27', 297, 2873, 673, 14),
  (44, '2026-03-28', 143, 10101, 198, 18),
  (44, '2026-03-29', 150, 4408, 270, 1),
  (44, '2026-03-30', 436, 12616, 521, 14),
  (45, '2026-03-24', 343, 12432, 676, 9),
  (45, '2026-03-25', 428, 14911, 530, 8),
  (45, '2026-03-26', 293, 7853, 461, 8),
  (45, '2026-03-27', 242, 6700, 238, 20),
  (45, '2026-03-28', 242, 10306, 287, 7),
  (45, '2026-03-29', 404, 2511, 467, 17),
  (45, '2026-03-30', 299, 6891, 594, 20),
  (46, '2026-03-24', 416, 7519, 371, 7),
  (46, '2026-03-25', 471, 8681, 517, 9),
  (46, '2026-03-26', 221, 9267, 411, 12),
  (46, '2026-03-27', 134, 14506, 335, 15),
  (46, '2026-03-28', 335, 3802, 371, 19),
  (46, '2026-03-29', 245, 13243, 507, 13),
  (46, '2026-03-30', 398, 10354, 671, 5),
  (47, '2026-03-24', 195, 13003, 272, 16),
  (47, '2026-03-25', 273, 5685, 695, 12),
  (47, '2026-03-26', 241, 2855, 288, 7),
  (47, '2026-03-27', 270, 8500, 504, 9),
  (47, '2026-03-28', 281, 3495, 236, 8),
  (47, '2026-03-29', 383, 6347, 335, 9),
  (47, '2026-03-30', 445, 8331, 324, 8),
  (48, '2026-03-24', 252, 5732, 720, 12),
  (48, '2026-03-25', 367, 12937, 589, 20),
  (48, '2026-03-26', 342, 4669, 474, 17),
  (48, '2026-03-27', 477, 11178, 618, 9),
  (48, '2026-03-28', 126, 7881, 518, 8),
  (48, '2026-03-29', 263, 4553, 186, 12),
  (48, '2026-03-30', 414, 10070, 232, 7),
  (49, '2026-03-24', 208, 14988, 254, 15),
  (49, '2026-03-25', 275, 4442, 679, 14),
  (49, '2026-03-26', 364, 3105, 219, 6),
  (49, '2026-03-27', 350, 7508, 293, 8),
  (49, '2026-03-28', 350, 10757, 289, 19),
  (49, '2026-03-29', 364, 3398, 684, 7),
  (49, '2026-03-30', 260, 5142, 491, 15),
  (50, '2026-03-24', 280, 6142, 431, 3),
  (50, '2026-03-25', 470, 10989, 558, 10),
  (50, '2026-03-26', 367, 7335, 717, 3),
  (50, '2026-03-27', 461, 10875, 634, 1),
  (50, '2026-03-28', 187, 7957, 453, 6),
  (50, '2026-03-29', 296, 12238, 273, 19),
  (50, '2026-03-30', 386, 9284, 391, 13),
  (51, '2026-03-24', 221, 9842, 537, 11),
  (51, '2026-03-25', 451, 4236, 526, 18),
  (51, '2026-03-26', 404, 11609, 484, 5),
  (51, '2026-03-27', 304, 10285, 328, 11),
  (51, '2026-03-28', 345, 13006, 256, 7),
  (51, '2026-03-29', 376, 10024, 229, 3),
  (51, '2026-03-30', 146, 2692, 697, 4),
  (52, '2026-03-24', 384, 9576, 562, 8),
  (52, '2026-03-25', 283, 11075, 663, 1),
  (52, '2026-03-26', 135, 4326, 601, 17),
  (52, '2026-03-27', 371, 9984, 540, 6),
  (52, '2026-03-28', 200, 11131, 307, 4),
  (52, '2026-03-29', 139, 12825, 527, 6),
  (52, '2026-03-30', 153, 14210, 431, 17),
  (53, '2026-03-24', 158, 10178, 496, 9),
  (53, '2026-03-25', 362, 14962, 217, 9),
  (53, '2026-03-26', 344, 6944, 390, 20),
  (53, '2026-03-27', 396, 9722, 417, 18),
  (53, '2026-03-28', 258, 8299, 397, 2),
  (53, '2026-03-29', 308, 4676, 708, 3),
  (53, '2026-03-30', 209, 8355, 562, 1),
  (54, '2026-03-24', 480, 11418, 716, 3),
  (54, '2026-03-25', 239, 11787, 269, 13),
  (54, '2026-03-26', 383, 5162, 568, 5),
  (54, '2026-03-27', 381, 9579, 357, 20),
  (54, '2026-03-28', 126, 9314, 215, 14),
  (54, '2026-03-29', 342, 10239, 519, 9),
  (54, '2026-03-30', 159, 13438, 454, 16),
  (55, '2026-03-24', 172, 12401, 638, 13),
  (55, '2026-03-25', 271, 9799, 319, 16),
  (55, '2026-03-26', 366, 8340, 289, 16),
  (55, '2026-03-27', 279, 3574, 474, 11),
  (55, '2026-03-28', 308, 3889, 284, 15),
  (55, '2026-03-29', 185, 8232, 611, 4),
  (55, '2026-03-30', 376, 8231, 487, 3),
  (56, '2026-03-24', 356, 13470, 704, 19),
  (56, '2026-03-25', 129, 8004, 642, 9),
  (56, '2026-03-26', 251, 12472, 605, 1),
  (56, '2026-03-27', 159, 14100, 589, 20),
  (56, '2026-03-28', 447, 12267, 479, 17),
  (56, '2026-03-29', 367, 14679, 329, 3),
  (56, '2026-03-30', 441, 11505, 715, 18),
  (57, '2026-03-24', 171, 2482, 566, 13),
  (57, '2026-03-25', 205, 11843, 603, 9),
  (57, '2026-03-26', 373, 10205, 273, 7),
  (57, '2026-03-27', 176, 6996, 214, 17),
  (57, '2026-03-28', 237, 10205, 426, 6),
  (57, '2026-03-29', 201, 11411, 612, 17),
  (57, '2026-03-30', 334, 11653, 536, 6),
  (58, '2026-03-24', 370, 2169, 480, 7),
  (58, '2026-03-25', 155, 9822, 295, 4),
  (58, '2026-03-26', 322, 13759, 707, 6),
  (58, '2026-03-27', 269, 7786, 389, 5),
  (58, '2026-03-28', 147, 9598, 656, 8),
  (58, '2026-03-29', 358, 12651, 599, 16),
  (58, '2026-03-30', 479, 6325, 419, 6),
  (59, '2026-03-24', 358, 11676, 536, 1),
  (59, '2026-03-25', 217, 4337, 327, 2),
  (59, '2026-03-26', 285, 3911, 280, 20),
  (59, '2026-03-27', 136, 9331, 364, 4),
  (59, '2026-03-28', 384, 9884, 603, 2),
  (59, '2026-03-29', 379, 12896, 316, 13),
  (59, '2026-03-30', 209, 5667, 447, 15),
  (60, '2026-03-24', 136, 14846, 474, 19),
  (60, '2026-03-25', 445, 6324, 602, 14),
  (60, '2026-03-26', 256, 13819, 432, 4),
  (60, '2026-03-27', 233, 7606, 478, 4),
  (60, '2026-03-28', 252, 10811, 561, 5),
  (60, '2026-03-29', 154, 11560, 499, 1),
  (60, '2026-03-30', 385, 5712, 181, 15),
  (61, '2026-03-24', 317, 5740, 398, 1),
  (61, '2026-03-25', 266, 8766, 581, 11),
  (61, '2026-03-26', 427, 4410, 193, 9),
  (61, '2026-03-27', 443, 9139, 714, 15),
  (61, '2026-03-28', 334, 2922, 484, 14),
  (61, '2026-03-29', 258, 11362, 202, 7),
  (61, '2026-03-30', 137, 9467, 417, 16),
  (62, '2026-03-24', 248, 4300, 237, 19),
  (62, '2026-03-25', 254, 3900, 235, 12),
  (62, '2026-03-26', 144, 14286, 532, 14),
  (62, '2026-03-27', 143, 8513, 300, 3),
  (62, '2026-03-28', 397, 9686, 667, 4),
  (62, '2026-03-29', 246, 7275, 566, 12),
  (62, '2026-03-30', 346, 3834, 333, 4),
  (63, '2026-03-24', 153, 14772, 549, 3),
  (63, '2026-03-25', 133, 9293, 519, 3),
  (63, '2026-03-26', 193, 12542, 222, 14),
  (63, '2026-03-27', 180, 10097, 249, 3),
  (63, '2026-03-28', 219, 4032, 340, 17),
  (63, '2026-03-29', 143, 11975, 658, 13),
  (63, '2026-03-30', 455, 9341, 531, 18),
  (64, '2026-03-24', 442, 13875, 439, 5),
  (64, '2026-03-25', 401, 3794, 618, 9),
  (64, '2026-03-26', 171, 8018, 451, 13),
  (64, '2026-03-27', 342, 3726, 498, 19),
  (64, '2026-03-28', 133, 3280, 536, 5),
  (64, '2026-03-29', 347, 14883, 708, 12),
  (64, '2026-03-30', 145, 3077, 461, 12),
  (65, '2026-03-24', 469, 12552, 476, 17),
  (65, '2026-03-25', 430, 3590, 486, 16),
  (65, '2026-03-26', 333, 14444, 367, 2),
  (65, '2026-03-27', 348, 8115, 234, 16),
  (65, '2026-03-28', 276, 10598, 441, 9),
  (65, '2026-03-29', 324, 11935, 231, 19),
  (65, '2026-03-30', 266, 4686, 619, 19),
  (66, '2026-03-24', 416, 2218, 522, 12),
  (66, '2026-03-25', 266, 12612, 422, 3),
  (66, '2026-03-26', 128, 8179, 290, 10),
  (66, '2026-03-27', 459, 4193, 444, 17),
  (66, '2026-03-28', 377, 4066, 229, 2),
  (66, '2026-03-29', 216, 3289, 463, 12),
  (66, '2026-03-30', 415, 7003, 482, 19),
  (67, '2026-03-24', 233, 12657, 714, 9),
  (67, '2026-03-25', 471, 12557, 361, 6),
  (67, '2026-03-26', 156, 6697, 344, 4),
  (67, '2026-03-27', 375, 5080, 294, 19),
  (67, '2026-03-28', 426, 12860, 234, 18),
  (67, '2026-03-29', 448, 2984, 434, 2),
  (67, '2026-03-30', 358, 6926, 469, 17),
  (68, '2026-03-24', 431, 14311, 363, 11),
  (68, '2026-03-25', 298, 9413, 301, 14),
  (68, '2026-03-26', 330, 14672, 244, 6),
  (68, '2026-03-27', 321, 3218, 602, 17),
  (68, '2026-03-28', 457, 14803, 470, 8),
  (68, '2026-03-29', 237, 13995, 290, 20),
  (68, '2026-03-30', 312, 3298, 195, 1),
  (69, '2026-03-24', 369, 8347, 562, 5),
  (69, '2026-03-25', 346, 4031, 340, 1),
  (69, '2026-03-26', 140, 13820, 443, 13),
  (69, '2026-03-27', 348, 5324, 554, 16),
  (69, '2026-03-28', 400, 8048, 657, 15),
  (69, '2026-03-29', 130, 2297, 666, 17),
  (69, '2026-03-30', 242, 12662, 458, 11),
  (70, '2026-03-24', 233, 10180, 719, 13),
  (70, '2026-03-25', 216, 6950, 384, 10),
  (70, '2026-03-26', 254, 14423, 253, 20),
  (70, '2026-03-27', 202, 8615, 611, 1),
  (70, '2026-03-28', 155, 9638, 436, 8),
  (70, '2026-03-29', 292, 6549, 683, 3),
  (70, '2026-03-30', 364, 7736, 260, 16),
  (71, '2026-03-24', 166, 9443, 266, 14),
  (71, '2026-03-25', 275, 2178, 706, 13),
  (71, '2026-03-26', 460, 6901, 337, 20),
  (71, '2026-03-27', 357, 9397, 715, 4),
  (71, '2026-03-28', 360, 6243, 683, 16),
  (71, '2026-03-29', 456, 11067, 342, 10),
  (71, '2026-03-30', 218, 9557, 364, 1),
  (72, '2026-03-24', 199, 8762, 597, 6),
  (72, '2026-03-25', 220, 14155, 506, 13),
  (72, '2026-03-26', 444, 3384, 239, 16),
  (72, '2026-03-27', 394, 10590, 510, 5),
  (72, '2026-03-28', 254, 6570, 322, 11),
  (72, '2026-03-29', 305, 5774, 613, 7),
  (72, '2026-03-30', 130, 8559, 465, 13),
  (73, '2026-03-24', 282, 7755, 235, 5),
  (73, '2026-03-25', 126, 11358, 611, 16),
  (73, '2026-03-26', 427, 12761, 262, 19),
  (73, '2026-03-27', 332, 4287, 234, 14),
  (73, '2026-03-28', 286, 12236, 573, 9),
  (73, '2026-03-29', 132, 12370, 276, 9),
  (73, '2026-03-30', 222, 6655, 622, 1),
  (74, '2026-03-24', 413, 6457, 368, 3),
  (74, '2026-03-25', 236, 9624, 360, 13),
  (74, '2026-03-26', 300, 4427, 373, 12),
  (74, '2026-03-27', 321, 9810, 439, 15),
  (74, '2026-03-28', 395, 4729, 441, 1),
  (74, '2026-03-29', 415, 4014, 509, 20),
  (74, '2026-03-30', 289, 7017, 382, 8),
  (75, '2026-03-24', 295, 4688, 289, 12),
  (75, '2026-03-25', 122, 5708, 414, 18),
  (75, '2026-03-26', 339, 3517, 325, 20),
  (75, '2026-03-27', 411, 14421, 363, 17),
  (75, '2026-03-28', 367, 6435, 321, 2),
  (75, '2026-03-29', 233, 10151, 617, 9),
  (75, '2026-03-30', 316, 10540, 388, 12),
  (76, '2026-03-24', 422, 12094, 376, 2),
  (76, '2026-03-25', 300, 13192, 510, 10),
  (76, '2026-03-26', 423, 9086, 232, 19),
  (76, '2026-03-27', 443, 10564, 362, 3),
  (76, '2026-03-28', 196, 5443, 384, 2),
  (76, '2026-03-29', 184, 2267, 542, 9),
  (76, '2026-03-30', 358, 3005, 676, 4),
  (77, '2026-03-24', 427, 12928, 696, 18),
  (77, '2026-03-25', 182, 14484, 672, 14),
  (77, '2026-03-26', 206, 14162, 481, 10),
  (77, '2026-03-27', 377, 14839, 295, 15),
  (77, '2026-03-28', 138, 5491, 643, 7),
  (77, '2026-03-29', 317, 8953, 417, 17),
  (77, '2026-03-30', 183, 7965, 275, 18),
  (78, '2026-03-24', 211, 10841, 671, 5),
  (78, '2026-03-25', 336, 9214, 709, 11),
  (78, '2026-03-26', 257, 14557, 646, 4),
  (78, '2026-03-27', 207, 8878, 531, 9),
  (78, '2026-03-28', 466, 2635, 320, 17),
  (78, '2026-03-29', 144, 14604, 184, 3),
  (78, '2026-03-30', 444, 10807, 716, 13),
  (79, '2026-03-24', 348, 5892, 387, 8),
  (79, '2026-03-25', 203, 5202, 379, 3),
  (79, '2026-03-26', 307, 10623, 191, 2),
  (79, '2026-03-27', 480, 14886, 697, 3),
  (79, '2026-03-28', 159, 4045, 454, 20),
  (79, '2026-03-29', 193, 9289, 416, 15),
  (79, '2026-03-30', 454, 7202, 470, 17),
  (80, '2026-03-24', 233, 9353, 525, 20),
  (80, '2026-03-25', 324, 5046, 216, 17),
  (80, '2026-03-26', 279, 3592, 377, 7),
  (80, '2026-03-27', 435, 4907, 578, 13),
  (80, '2026-03-28', 447, 5063, 332, 14),
  (80, '2026-03-29', 429, 7500, 360, 9),
  (80, '2026-03-30', 469, 9860, 254, 13),
  (81, '2026-03-24', 340, 12212, 626, 1),
  (81, '2026-03-25', 145, 10110, 342, 3),
  (81, '2026-03-26', 389, 13590, 187, 11),
  (81, '2026-03-27', 315, 9561, 414, 1),
  (81, '2026-03-28', 385, 3631, 296, 15),
  (81, '2026-03-29', 328, 6457, 694, 4),
  (81, '2026-03-30', 190, 8050, 395, 20),
  (82, '2026-03-24', 193, 4813, 228, 13),
  (82, '2026-03-25', 229, 7459, 527, 18),
  (82, '2026-03-26', 473, 2255, 436, 8),
  (82, '2026-03-27', 338, 14081, 399, 19),
  (82, '2026-03-28', 377, 11377, 575, 5),
  (82, '2026-03-29', 434, 11488, 693, 7),
  (82, '2026-03-30', 424, 14809, 322, 4),
  (83, '2026-03-24', 437, 11197, 358, 1),
  (83, '2026-03-25', 261, 6861, 530, 15),
  (83, '2026-03-26', 383, 7273, 546, 14),
  (83, '2026-03-27', 361, 3015, 184, 18),
  (83, '2026-03-28', 438, 9421, 667, 20),
  (83, '2026-03-29', 336, 7923, 218, 10),
  (83, '2026-03-30', 359, 9939, 222, 15),
  (84, '2026-03-24', 316, 3658, 351, 1),
  (84, '2026-03-25', 332, 4876, 393, 19),
  (84, '2026-03-26', 123, 13971, 536, 8),
  (84, '2026-03-27', 275, 7640, 290, 12),
  (84, '2026-03-28', 213, 5573, 698, 10),
  (84, '2026-03-29', 479, 11838, 490, 10),
  (84, '2026-03-30', 147, 3564, 532, 17),
  (85, '2026-03-24', 263, 2554, 384, 3),
  (85, '2026-03-25', 414, 14541, 295, 5),
  (85, '2026-03-26', 293, 4080, 504, 16),
  (85, '2026-03-27', 452, 7003, 630, 10),
  (85, '2026-03-28', 194, 12403, 693, 1),
  (85, '2026-03-29', 130, 5772, 343, 16),
  (85, '2026-03-30', 244, 4897, 654, 14),
  (86, '2026-03-24', 350, 2720, 611, 16),
  (86, '2026-03-25', 235, 10688, 651, 17),
  (86, '2026-03-26', 344, 14256, 301, 7),
  (86, '2026-03-27', 339, 14293, 369, 16),
  (86, '2026-03-28', 269, 5242, 500, 17),
  (86, '2026-03-29', 131, 6144, 514, 15),
  (86, '2026-03-30', 375, 6001, 448, 19),
  (87, '2026-03-24', 383, 5119, 626, 7),
  (87, '2026-03-25', 393, 3058, 534, 9),
  (87, '2026-03-26', 166, 8088, 393, 20),
  (87, '2026-03-27', 197, 5308, 412, 13),
  (87, '2026-03-28', 295, 9663, 702, 17),
  (87, '2026-03-29', 206, 13031, 370, 10),
  (87, '2026-03-30', 218, 11071, 500, 19),
  (88, '2026-03-24', 223, 13312, 401, 4),
  (88, '2026-03-25', 289, 8560, 463, 10),
  (88, '2026-03-26', 122, 5736, 298, 2),
  (88, '2026-03-27', 268, 3526, 379, 5),
  (88, '2026-03-28', 283, 5725, 576, 3),
  (88, '2026-03-29', 171, 2221, 498, 6),
  (88, '2026-03-30', 447, 4489, 500, 13),
  (89, '2026-03-24', 347, 8180, 655, 5),
  (89, '2026-03-25', 120, 2762, 217, 20),
  (89, '2026-03-26', 297, 14873, 593, 19),
  (89, '2026-03-27', 273, 10851, 255, 3),
  (89, '2026-03-28', 415, 14524, 498, 20),
  (89, '2026-03-29', 177, 2673, 716, 2),
  (89, '2026-03-30', 131, 12563, 338, 1),
  (90, '2026-03-24', 381, 6205, 273, 19),
  (90, '2026-03-25', 396, 9082, 685, 12),
  (90, '2026-03-26', 452, 9963, 618, 18),
  (90, '2026-03-27', 195, 14613, 447, 4),
  (90, '2026-03-28', 303, 6454, 531, 10),
  (90, '2026-03-29', 181, 13379, 414, 15),
  (90, '2026-03-30', 406, 5532, 443, 19),
  (91, '2026-03-24', 259, 7015, 493, 3),
  (91, '2026-03-25', 395, 6666, 351, 9),
  (91, '2026-03-26', 372, 8969, 505, 8),
  (91, '2026-03-27', 433, 8033, 642, 3),
  (91, '2026-03-28', 216, 12723, 220, 1),
  (91, '2026-03-29', 252, 10138, 393, 2),
  (91, '2026-03-30', 200, 11564, 692, 19),
  (92, '2026-03-24', 273, 2809, 275, 14),
  (92, '2026-03-25', 327, 9773, 411, 20),
  (92, '2026-03-26', 125, 8145, 593, 9),
  (92, '2026-03-27', 175, 10685, 507, 11),
  (92, '2026-03-28', 317, 5652, 634, 5),
  (92, '2026-03-29', 267, 12572, 230, 7),
  (92, '2026-03-30', 160, 10257, 465, 4),
  (93, '2026-03-24', 176, 12154, 505, 17),
  (93, '2026-03-25', 464, 12788, 454, 10),
  (93, '2026-03-26', 164, 13559, 186, 16),
  (93, '2026-03-27', 234, 13568, 711, 1),
  (93, '2026-03-28', 226, 11252, 316, 10),
  (93, '2026-03-29', 153, 13323, 196, 8),
  (93, '2026-03-30', 410, 10535, 415, 17),
  (94, '2026-03-24', 302, 12977, 253, 15),
  (94, '2026-03-25', 394, 13414, 451, 20),
  (94, '2026-03-26', 441, 10693, 323, 15),
  (94, '2026-03-27', 396, 11016, 443, 8),
  (94, '2026-03-28', 363, 8720, 289, 6),
  (94, '2026-03-29', 401, 5903, 641, 6),
  (94, '2026-03-30', 304, 10945, 617, 7),
  (95, '2026-03-24', 190, 8466, 214, 11),
  (95, '2026-03-25', 181, 7925, 237, 11),
  (95, '2026-03-26', 437, 11695, 401, 19),
  (95, '2026-03-27', 182, 10232, 593, 4),
  (95, '2026-03-28', 442, 4204, 470, 12),
  (95, '2026-03-29', 446, 12800, 492, 7),
  (95, '2026-03-30', 138, 12315, 595, 15),
  (96, '2026-03-24', 131, 12674, 324, 7),
  (96, '2026-03-25', 402, 13203, 491, 3),
  (96, '2026-03-26', 417, 5927, 475, 17),
  (96, '2026-03-27', 356, 6251, 500, 16),
  (96, '2026-03-28', 248, 10598, 468, 17),
  (96, '2026-03-29', 415, 13161, 496, 3),
  (96, '2026-03-30', 347, 14459, 632, 20),
  (97, '2026-03-24', 327, 9548, 296, 16),
  (97, '2026-03-25', 139, 6234, 565, 15),
  (97, '2026-03-26', 164, 8007, 198, 2),
  (97, '2026-03-27', 400, 13134, 427, 16),
  (97, '2026-03-28', 229, 6136, 193, 10),
  (97, '2026-03-29', 229, 11382, 535, 11),
  (97, '2026-03-30', 170, 6727, 567, 12),
  (98, '2026-03-24', 310, 5084, 650, 11),
  (98, '2026-03-25', 480, 7982, 428, 17),
  (98, '2026-03-26', 177, 14534, 463, 2),
  (98, '2026-03-27', 168, 9324, 233, 18),
  (98, '2026-03-28', 348, 7009, 594, 17),
  (98, '2026-03-29', 233, 3953, 344, 3),
  (98, '2026-03-30', 206, 13584, 478, 5),
  (99, '2026-03-24', 161, 2103, 372, 3),
  (99, '2026-03-25', 220, 3719, 415, 1),
  (99, '2026-03-26', 349, 6678, 407, 2),
  (99, '2026-03-27', 278, 7252, 579, 5),
  (99, '2026-03-28', 221, 4267, 701, 20),
  (99, '2026-03-29', 357, 9189, 471, 16),
  (99, '2026-03-30', 369, 14149, 404, 5),
  (100, '2026-03-24', 266, 7230, 440, 13),
  (100, '2026-03-25', 125, 4015, 486, 12),
  (100, '2026-03-26', 238, 2050, 327, 8),
  (100, '2026-03-27', 405, 11703, 412, 15),
  (100, '2026-03-28', 155, 2894, 424, 3),
  (100, '2026-03-29', 465, 13655, 541, 1),
  (100, '2026-03-30', 276, 5391, 343, 19);

INSERT INTO past_risk_scores (id, risk_score, timestamp) VALUES
  (1, 2, '2026-03-30T12:25:13.563094'),
  (1, 1, '2026-03-29T12:25:13.563096'),
  (1, 1, '2026-03-28T12:25:13.563097'),
  (1, 1, '2026-03-27T12:25:13.563099'),
  (1, 1, '2026-03-26T12:25:13.563099'),
  (1, 1, '2026-03-25T12:25:13.563100'),
  (1, 1, '2026-03-24T12:25:13.563102'),
  (2, 2, '2026-03-30T12:25:13.563103'),
  (2, 1, '2026-03-29T12:25:13.563103'),
  (2, 1, '2026-03-28T12:25:13.563105'),
  (2, 1, '2026-03-27T12:25:13.563106'),
  (2, 1, '2026-03-26T12:25:13.563107'),
  (2, 1, '2026-03-25T12:25:13.563107'),
  (2, 2, '2026-03-24T12:25:13.563108'),
  (3, 4, '2026-03-30T12:25:13.563109'),
  (3, 1, '2026-03-29T12:25:13.563110'),
  (3, 1, '2026-03-28T12:25:13.563111'),
  (3, 1, '2026-03-27T12:25:13.563112'),
  (3, 1, '2026-03-26T12:25:13.563113'),
  (3, 1, '2026-03-25T12:25:13.563113'),
  (3, 2, '2026-03-24T12:25:13.563114'),
  (4, 1, '2026-03-30T12:25:13.563115'),
  (4, 1, '2026-03-29T12:25:13.563116'),
  (4, 1, '2026-03-28T12:25:13.563117'),
  (4, 1, '2026-03-27T12:25:13.563118'),
  (4, 1, '2026-03-26T12:25:13.563119'),
  (4, 1, '2026-03-25T12:25:13.563120'),
  (4, 1, '2026-03-24T12:25:13.563120'),
  (5, 7, '2026-03-30T12:25:13.563121'),
  (5, 7, '2026-03-29T12:25:13.563122'),
  (5, 8, '2026-03-28T12:25:13.563123'),
  (5, 8, '2026-03-27T12:25:13.563124'),
  (5, 8, '2026-03-26T12:25:13.563125'),
  (5, 6, '2026-03-25T12:25:13.563126'),
  (5, 6, '2026-03-24T12:25:13.563127'),
  (6, 2, '2026-03-30T12:25:13.563128'),
  (6, 1, '2026-03-29T12:25:13.563128'),
  (6, 2, '2026-03-28T12:25:13.563129'),
  (6, 2, '2026-03-27T12:25:13.563130'),
  (6, 2, '2026-03-26T12:25:13.563131'),
  (6, 2, '2026-03-25T12:25:13.563132'),
  (6, 1, '2026-03-24T12:25:13.563132'),
  (7, 6, '2026-03-30T12:25:13.563134'),
  (7, 4, '2026-03-29T12:25:13.563134'),
  (7, 4, '2026-03-28T12:25:13.563135'),
  (7, 4, '2026-03-27T12:25:13.563136'),
  (7, 4, '2026-03-26T12:25:13.563136'),
  (7, 4, '2026-03-25T12:25:13.563153'),
  (7, 6, '2026-03-24T12:25:13.563154'),
  (8, 2, '2026-03-30T12:25:13.563155'),
  (8, 3, '2026-03-29T12:25:13.563156'),
  (8, 3, '2026-03-28T12:25:13.563157'),
  (8, 3, '2026-03-27T12:25:13.563157'),
  (8, 3, '2026-03-26T12:25:13.563158'),
  (8, 3, '2026-03-25T12:25:13.563159'),
  (8, 2, '2026-03-24T12:25:13.563159'),
  (9, 5, '2026-03-30T12:25:13.563161'),
  (9, 3, '2026-03-29T12:25:13.563161'),
  (9, 4, '2026-03-28T12:25:13.563162'),
  (9, 4, '2026-03-27T12:25:13.563163'),
  (9, 4, '2026-03-26T12:25:13.563164'),
  (9, 3, '2026-03-25T12:25:13.563164'),
  (9, 4, '2026-03-24T12:25:13.563165'),
  (10, 1, '2026-03-30T12:25:13.563167'),
  (10, 1, '2026-03-29T12:25:13.563167'),
  (10, 1, '2026-03-28T12:25:13.563168'),
  (10, 1, '2026-03-27T12:25:13.563169'),
  (10, 1, '2026-03-26T12:25:13.563170'),
  (10, 1, '2026-03-25T12:25:13.563171'),
  (10, 1, '2026-03-24T12:25:13.563172'),
  (11, 7, '2026-03-30T12:25:13.563172'),
  (11, 9, '2026-03-29T12:25:13.563173'),
  (11, 9, '2026-03-28T12:25:13.563174'),
  (11, 9, '2026-03-27T12:25:13.563174'),
  (11, 9, '2026-03-26T12:25:13.563175'),
  (11, 7, '2026-03-25T12:25:13.563176'),
  (11, 7, '2026-03-24T12:25:13.563177'),
  (12, 5, '2026-03-30T12:25:13.563178'),
  (12, 5, '2026-03-29T12:25:13.563178'),
  (12, 5, '2026-03-28T12:25:13.563179'),
  (12, 5, '2026-03-27T12:25:13.563180'),
  (12, 5, '2026-03-26T12:25:13.563180'),
  (12, 5, '2026-03-25T12:25:13.563181'),
  (12, 4, '2026-03-24T12:25:13.563182'),
  (13, 1, '2026-03-30T12:25:13.563183'),
  (13, 1, '2026-03-29T12:25:13.563183'),
  (13, 1, '2026-03-28T12:25:13.563184'),
  (13, 1, '2026-03-27T12:25:13.563185'),
  (13, 1, '2026-03-26T12:25:13.563186'),
  (13, 1, '2026-03-25T12:25:13.563186'),
  (13, 1, '2026-03-24T12:25:13.563187'),
  (14, 4, '2026-03-30T12:25:13.563188'),
  (14, 6, '2026-03-29T12:25:13.563189'),
  (14, 6, '2026-03-28T12:25:13.563190'),
  (14, 6, '2026-03-27T12:25:13.563190'),
  (14, 6, '2026-03-26T12:25:13.563191'),
  (14, 5, '2026-03-25T12:25:13.563191'),
  (14, 5, '2026-03-24T12:25:13.563193'),
  (15, 6, '2026-03-30T12:25:13.563193'),
  (15, 5, '2026-03-29T12:25:13.563194'),
  (15, 5, '2026-03-28T12:25:13.563195'),
  (15, 7, '2026-03-27T12:25:13.563195'),
  (15, 7, '2026-03-26T12:25:13.563196'),
  (15, 7, '2026-03-25T12:25:13.563197'),
  (15, 7, '2026-03-24T12:25:13.563198'),
  (16, 3, '2026-03-30T12:25:13.563198'),
  (16, 2, '2026-03-29T12:25:13.563199'),
  (16, 2, '2026-03-28T12:25:13.563200'),
  (16, 3, '2026-03-27T12:25:13.563200'),
  (16, 3, '2026-03-26T12:25:13.563202'),
  (16, 3, '2026-03-25T12:25:13.563202'),
  (16, 3, '2026-03-24T12:25:13.563203'),
  (17, 4, '2026-03-30T12:25:13.563204'),
  (17, 6, '2026-03-29T12:25:13.563204'),
  (17, 6, '2026-03-28T12:25:13.563205'),
  (17, 6, '2026-03-27T12:25:13.563206'),
  (17, 6, '2026-03-26T12:25:13.563206'),
  (17, 6, '2026-03-25T12:25:13.563207'),
  (17, 6, '2026-03-24T12:25:13.563208'),
  (18, 5, '2026-03-30T12:25:13.563208'),
  (18, 6, '2026-03-29T12:25:13.563209'),
  (18, 7, '2026-03-28T12:25:13.563210'),
  (18, 7, '2026-03-27T12:25:13.563211'),
  (18, 7, '2026-03-26T12:25:13.563212'),
  (18, 6, '2026-03-25T12:25:13.563212'),
  (18, 6, '2026-03-24T12:25:13.563213'),
  (19, 1, '2026-03-30T12:25:13.563214'),
  (19, 1, '2026-03-29T12:25:13.563215'),
  (19, 1, '2026-03-28T12:25:13.563215'),
  (19, 1, '2026-03-27T12:25:13.563216'),
  (19, 1, '2026-03-26T12:25:13.563217'),
  (19, 1, '2026-03-25T12:25:13.563217'),
  (19, 1, '2026-03-24T12:25:13.563218'),
  (20, 4, '2026-03-30T12:25:13.563219'),
  (20, 6, '2026-03-29T12:25:13.563219'),
  (20, 8, '2026-03-28T12:25:13.563220'),
  (20, 8, '2026-03-27T12:25:13.563221'),
  (20, 8, '2026-03-26T12:25:13.563222'),
  (20, 8, '2026-03-25T12:25:13.563223'),
  (20, 9, '2026-03-24T12:25:13.563223'),
  (21, 4, '2026-03-30T12:25:13.563224'),
  (21, 4, '2026-03-29T12:25:13.563225'),
  (21, 4, '2026-03-28T12:25:13.563226'),
  (21, 4, '2026-03-27T12:25:13.563226'),
  (21, 4, '2026-03-26T12:25:13.563227'),
  (21, 4, '2026-03-25T12:25:13.563228'),
  (21, 2, '2026-03-24T12:25:13.563228'),
  (22, 3, '2026-03-30T12:25:13.563230'),
  (22, 5, '2026-03-29T12:25:13.563230'),
  (22, 5, '2026-03-28T12:25:13.563231'),
  (22, 5, '2026-03-27T12:25:13.563232'),
  (22, 5, '2026-03-26T12:25:13.563232'),
  (22, 5, '2026-03-25T12:25:13.563233'),
  (22, 5, '2026-03-24T12:25:13.563234'),
  (23, 1, '2026-03-30T12:25:13.563234'),
  (23, 2, '2026-03-29T12:25:13.563235'),
  (23, 2, '2026-03-28T12:25:13.563236'),
  (23, 1, '2026-03-27T12:25:13.563236'),
  (23, 1, '2026-03-26T12:25:13.563237'),
  (23, 1, '2026-03-25T12:25:13.563238'),
  (23, 1, '2026-03-24T12:25:13.563239'),
  (24, 7, '2026-03-30T12:25:13.563239'),
  (24, 5, '2026-03-29T12:25:13.563240'),
  (24, 3, '2026-03-28T12:25:13.563241'),
  (24, 3, '2026-03-27T12:25:13.563242'),
  (24, 3, '2026-03-26T12:25:13.563243'),
  (24, 1, '2026-03-25T12:25:13.563244'),
  (24, 2, '2026-03-24T12:25:13.563245'),
  (25, 4, '2026-03-30T12:25:13.563246'),
  (25, 3, '2026-03-29T12:25:13.563247'),
  (25, 3, '2026-03-28T12:25:13.563248'),
  (25, 4, '2026-03-27T12:25:13.563248'),
  (25, 4, '2026-03-26T12:25:13.563249'),
  (25, 4, '2026-03-25T12:25:13.563250'),
  (25, 4, '2026-03-24T12:25:13.563251'),
  (26, 5, '2026-03-30T12:25:13.563251'),
  (26, 4, '2026-03-29T12:25:13.563252'),
  (26, 2, '2026-03-28T12:25:13.563253'),
  (26, 2, '2026-03-27T12:25:13.563254'),
  (26, 2, '2026-03-26T12:25:13.563255'),
  (26, 1, '2026-03-25T12:25:13.563255'),
  (26, 1, '2026-03-24T12:25:13.563257'),
  (27, 2, '2026-03-30T12:25:13.563257'),
  (27, 3, '2026-03-29T12:25:13.563258'),
  (27, 5, '2026-03-28T12:25:13.563259'),
  (27, 5, '2026-03-27T12:25:13.563260'),
  (27, 5, '2026-03-26T12:25:13.563260'),
  (27, 6, '2026-03-25T12:25:13.563261'),
  (27, 8, '2026-03-24T12:25:13.563262'),
  (28, 4, '2026-03-30T12:25:13.563263'),
  (28, 6, '2026-03-29T12:25:13.563264'),
  (28, 6, '2026-03-28T12:25:13.563265'),
  (28, 8, '2026-03-27T12:25:13.563266'),
  (28, 8, '2026-03-26T12:25:13.563267'),
  (28, 8, '2026-03-25T12:25:13.563267'),
  (28, 8, '2026-03-24T12:25:13.563268'),
  (29, 2, '2026-03-30T12:25:13.563269'),
  (29, 3, '2026-03-29T12:25:13.563270'),
  (29, 3, '2026-03-28T12:25:13.563270'),
  (29, 3, '2026-03-27T12:25:13.563271'),
  (29, 3, '2026-03-26T12:25:13.563272'),
  (29, 3, '2026-03-25T12:25:13.563272'),
  (29, 3, '2026-03-24T12:25:13.563273'),
  (30, 2, '2026-03-30T12:25:13.563274'),
  (30, 4, '2026-03-29T12:25:13.563274'),
  (30, 4, '2026-03-28T12:25:13.563275'),
  (30, 4, '2026-03-27T12:25:13.563276'),
  (30, 2, '2026-03-26T12:25:13.563277'),
  (30, 2, '2026-03-25T12:25:13.563278'),
  (30, 2, '2026-03-24T12:25:13.563279'),
  (31, 1, '2026-03-30T12:25:13.563280'),
  (31, 1, '2026-03-29T12:25:13.563280'),
  (31, 1, '2026-03-28T12:25:13.563281'),
  (31, 3, '2026-03-27T12:25:13.563282'),
  (31, 2, '2026-03-26T12:25:13.563283'),
  (31, 2, '2026-03-25T12:25:13.563284'),
  (31, 2, '2026-03-24T12:25:13.563285'),
  (32, 1, '2026-03-30T12:25:13.563285'),
  (32, 1, '2026-03-29T12:25:13.563286'),
  (32, 1, '2026-03-28T12:25:13.563287'),
  (32, 1, '2026-03-27T12:25:13.563288'),
  (32, 1, '2026-03-26T12:25:13.563289'),
  (32, 1, '2026-03-25T12:25:13.563289'),
  (32, 1, '2026-03-24T12:25:13.563290'),
  (33, 1, '2026-03-30T12:25:13.563291'),
  (33, 1, '2026-03-29T12:25:13.563292'),
  (33, 1, '2026-03-28T12:25:13.563292'),
  (33, 1, '2026-03-27T12:25:13.563293'),
  (33, 1, '2026-03-26T12:25:13.563294'),
  (33, 1, '2026-03-25T12:25:13.563295'),
  (33, 1, '2026-03-24T12:25:13.563295'),
  (34, 1, '2026-03-30T12:25:13.563296'),
  (34, 1, '2026-03-29T12:25:13.563297'),
  (34, 1, '2026-03-28T12:25:13.563298'),
  (34, 1, '2026-03-27T12:25:13.563298'),
  (34, 3, '2026-03-26T12:25:13.563299'),
  (34, 1, '2026-03-25T12:25:13.563300'),
  (34, 1, '2026-03-24T12:25:13.563301'),
  (35, 1, '2026-03-30T12:25:13.563302'),
  (35, 1, '2026-03-29T12:25:13.563303'),
  (35, 1, '2026-03-28T12:25:13.563304'),
  (35, 2, '2026-03-27T12:25:13.563304'),
  (35, 3, '2026-03-26T12:25:13.563305'),
  (35, 3, '2026-03-25T12:25:13.563306'),
  (35, 5, '2026-03-24T12:25:13.563307'),
  (36, 2, '2026-03-30T12:25:13.563308'),
  (36, 1, '2026-03-29T12:25:13.563309'),
  (36, 1, '2026-03-28T12:25:13.563310'),
  (36, 1, '2026-03-27T12:25:13.563310'),
  (36, 1, '2026-03-26T12:25:13.563311'),
  (36, 1, '2026-03-25T12:25:13.563312'),
  (36, 1, '2026-03-24T12:25:13.563312'),
  (37, 4, '2026-03-30T12:25:13.563313'),
  (37, 1, '2026-03-29T12:25:13.563314'),
  (37, 1, '2026-03-28T12:25:13.563314'),
  (37, 1, '2026-03-27T12:25:13.563315'),
  (37, 1, '2026-03-26T12:25:13.563316'),
  (37, 1, '2026-03-25T12:25:13.563316'),
  (37, 1, '2026-03-24T12:25:13.563317'),
  (38, 3, '2026-03-30T12:25:13.563319'),
  (38, 4, '2026-03-29T12:25:13.563319'),
  (38, 4, '2026-03-28T12:25:13.563320'),
  (38, 4, '2026-03-27T12:25:13.563321'),
  (38, 4, '2026-03-26T12:25:13.563322'),
  (38, 4, '2026-03-25T12:25:13.563322'),
  (38, 4, '2026-03-24T12:25:13.563323'),
  (39, 2, '2026-03-30T12:25:13.563324'),
  (39, 4, '2026-03-29T12:25:13.563324'),
  (39, 4, '2026-03-28T12:25:13.563325'),
  (39, 5, '2026-03-27T12:25:13.563326'),
  (39, 3, '2026-03-26T12:25:13.563327'),
  (39, 4, '2026-03-25T12:25:13.563328'),
  (39, 5, '2026-03-24T12:25:13.563329'),
  (40, 7, '2026-03-30T12:25:13.563330'),
  (40, 7, '2026-03-29T12:25:13.563331'),
  (40, 7, '2026-03-28T12:25:13.563332'),
  (40, 7, '2026-03-27T12:25:13.563332'),
  (40, 7, '2026-03-26T12:25:13.563333'),
  (40, 7, '2026-03-25T12:25:13.563334'),
  (40, 9, '2026-03-24T12:25:13.563334'),
  (41, 8, '2026-03-30T12:25:13.563335'),
  (41, 5, '2026-03-29T12:25:13.563336'),
  (41, 5, '2026-03-28T12:25:13.563337'),
  (41, 6, '2026-03-27T12:25:13.563337'),
  (41, 6, '2026-03-26T12:25:13.563339'),
  (41, 5, '2026-03-25T12:25:13.563340'),
  (41, 7, '2026-03-24T12:25:13.563341'),
  (42, 3, '2026-03-30T12:25:13.563342'),
  (42, 2, '2026-03-29T12:25:13.563342'),
  (42, 2, '2026-03-28T12:25:13.563343'),
  (42, 2, '2026-03-27T12:25:13.563344'),
  (42, 2, '2026-03-26T12:25:13.563345'),
  (42, 1, '2026-03-25T12:25:13.563346'),
  (42, 1, '2026-03-24T12:25:13.563347'),
  (43, 1, '2026-03-30T12:25:13.563348'),
  (43, 2, '2026-03-29T12:25:13.563349'),
  (43, 2, '2026-03-28T12:25:13.563349'),
  (43, 2, '2026-03-27T12:25:13.563350'),
  (43, 2, '2026-03-26T12:25:13.563351'),
  (43, 2, '2026-03-25T12:25:13.563351'),
  (43, 2, '2026-03-24T12:25:13.563353'),
  (44, 1, '2026-03-30T12:25:13.563353'),
  (44, 3, '2026-03-29T12:25:13.563354'),
  (44, 4, '2026-03-28T12:25:13.563355'),
  (44, 4, '2026-03-27T12:25:13.563356'),
  (44, 4, '2026-03-26T12:25:13.563357'),
  (44, 4, '2026-03-25T12:25:13.563357'),
  (44, 4, '2026-03-24T12:25:13.563358'),
  (45, 1, '2026-03-30T12:25:13.563359'),
  (45, 2, '2026-03-29T12:25:13.563359'),
  (45, 3, '2026-03-28T12:25:13.563360'),
  (45, 3, '2026-03-27T12:25:13.563361'),
  (45, 5, '2026-03-26T12:25:13.563362'),
  (45, 5, '2026-03-25T12:25:13.563363'),
  (45, 5, '2026-03-24T12:25:13.563364'),
  (46, 8, '2026-03-30T12:25:13.563364'),
  (46, 6, '2026-03-29T12:25:13.563365'),
  (46, 6, '2026-03-28T12:25:13.563366'),
  (46, 5, '2026-03-27T12:25:13.563366'),
  (46, 5, '2026-03-26T12:25:13.563368'),
  (46, 5, '2026-03-25T12:25:13.563368'),
  (46, 5, '2026-03-24T12:25:13.563369'),
  (47, 5, '2026-03-30T12:25:13.563370'),
  (47, 5, '2026-03-29T12:25:13.563370'),
  (47, 5, '2026-03-28T12:25:13.563371'),
  (47, 5, '2026-03-27T12:25:13.563372'),
  (47, 5, '2026-03-26T12:25:13.563373'),
  (47, 4, '2026-03-25T12:25:13.563373'),
  (47, 4, '2026-03-24T12:25:13.563374'),
  (48, 1, '2026-03-30T12:25:13.563375'),
  (48, 1, '2026-03-29T12:25:13.563376'),
  (48, 3, '2026-03-28T12:25:13.563376'),
  (48, 3, '2026-03-27T12:25:13.563377'),
  (48, 3, '2026-03-26T12:25:13.563378'),
  (48, 3, '2026-03-25T12:25:13.563379'),
  (48, 3, '2026-03-24T12:25:13.563379'),
  (49, 4, '2026-03-30T12:25:13.563380'),
  (49, 4, '2026-03-29T12:25:13.563381'),
  (49, 4, '2026-03-28T12:25:13.563382'),
  (49, 4, '2026-03-27T12:25:13.563382'),
  (49, 4, '2026-03-26T12:25:13.563383'),
  (49, 4, '2026-03-25T12:25:13.563383'),
  (49, 4, '2026-03-24T12:25:13.563384'),
  (50, 1, '2026-03-30T12:25:13.563385'),
  (50, 2, '2026-03-29T12:25:13.563385'),
  (50, 2, '2026-03-28T12:25:13.563386'),
  (50, 3, '2026-03-27T12:25:13.563387'),
  (50, 3, '2026-03-26T12:25:13.563388'),
  (50, 3, '2026-03-25T12:25:13.563389'),
  (50, 3, '2026-03-24T12:25:13.563389'),
  (51, 3, '2026-03-30T12:25:13.563390'),
  (51, 4, '2026-03-29T12:25:13.563391'),
  (51, 2, '2026-03-28T12:25:13.563391'),
  (51, 3, '2026-03-27T12:25:13.563392'),
  (51, 1, '2026-03-26T12:25:13.563394'),
  (51, 1, '2026-03-25T12:25:13.563395'),
  (51, 1, '2026-03-24T12:25:13.563395'),
  (52, 10, '2026-03-30T12:25:13.563397'),
  (52, 8, '2026-03-29T12:25:13.563397'),
  (52, 8, '2026-03-28T12:25:13.563398'),
  (52, 7, '2026-03-27T12:25:13.563399'),
  (52, 7, '2026-03-26T12:25:13.563400'),
  (52, 7, '2026-03-25T12:25:13.563400'),
  (52, 9, '2026-03-24T12:25:13.563401'),
  (53, 1, '2026-03-30T12:25:13.563402'),
  (53, 1, '2026-03-29T12:25:13.563403'),
  (53, 1, '2026-03-28T12:25:13.563404'),
  (53, 1, '2026-03-27T12:25:13.563404'),
  (53, 1, '2026-03-26T12:25:13.563405'),
  (53, 1, '2026-03-25T12:25:13.563406'),
  (53, 1, '2026-03-24T12:25:13.563407'),
  (54, 7, '2026-03-30T12:25:13.563407'),
  (54, 8, '2026-03-29T12:25:13.563408'),
  (54, 8, '2026-03-28T12:25:13.563409'),
  (54, 8, '2026-03-27T12:25:13.563409'),
  (54, 7, '2026-03-26T12:25:13.563410'),
  (54, 7, '2026-03-25T12:25:13.563411'),
  (54, 7, '2026-03-24T12:25:13.563412'),
  (55, 10, '2026-03-30T12:25:13.563412'),
  (55, 10, '2026-03-29T12:25:13.563413'),
  (55, 10, '2026-03-28T12:25:13.563414'),
  (55, 10, '2026-03-27T12:25:13.563414'),
  (55, 10, '2026-03-26T12:25:13.563415'),
  (55, 10, '2026-03-25T12:25:13.563416'),
  (55, 10, '2026-03-24T12:25:13.563416'),
  (56, 1, '2026-03-30T12:25:13.563417'),
  (56, 1, '2026-03-29T12:25:13.563418'),
  (56, 1, '2026-03-28T12:25:13.563418'),
  (56, 1, '2026-03-27T12:25:13.563419'),
  (56, 1, '2026-03-26T12:25:13.563420'),
  (56, 1, '2026-03-25T12:25:13.563420'),
  (56, 1, '2026-03-24T12:25:13.563421'),
  (57, 5, '2026-03-30T12:25:13.563422'),
  (57, 4, '2026-03-29T12:25:13.563423'),
  (57, 4, '2026-03-28T12:25:13.563424'),
  (57, 4, '2026-03-27T12:25:13.563424'),
  (57, 6, '2026-03-26T12:25:13.563425'),
  (57, 6, '2026-03-25T12:25:13.563426'),
  (57, 8, '2026-03-24T12:25:13.563427'),
  (58, 8, '2026-03-30T12:25:13.563428'),
  (58, 9, '2026-03-29T12:25:13.563428'),
  (58, 9, '2026-03-28T12:25:13.563429'),
  (58, 8, '2026-03-27T12:25:13.563430'),
  (58, 7, '2026-03-26T12:25:13.563431'),
  (58, 7, '2026-03-25T12:25:13.563432'),
  (58, 7, '2026-03-24T12:25:13.563433'),
  (59, 3, '2026-03-30T12:25:13.563433'),
  (59, 3, '2026-03-29T12:25:13.563434'),
  (59, 3, '2026-03-28T12:25:13.563435'),
  (59, 3, '2026-03-27T12:25:13.563435'),
  (59, 3, '2026-03-26T12:25:13.563436'),
  (59, 3, '2026-03-25T12:25:13.563437'),
  (59, 3, '2026-03-24T12:25:13.563437'),
  (60, 1, '2026-03-30T12:25:13.563438'),
  (60, 1, '2026-03-29T12:25:13.563439'),
  (60, 1, '2026-03-28T12:25:13.563439'),
  (60, 1, '2026-03-27T12:25:13.563440'),
  (60, 3, '2026-03-26T12:25:13.563441'),
  (60, 3, '2026-03-25T12:25:13.563442'),
  (60, 3, '2026-03-24T12:25:13.563443'),
  (61, 7, '2026-03-30T12:25:13.563444'),
  (61, 5, '2026-03-29T12:25:13.563445'),
  (61, 5, '2026-03-28T12:25:13.563446'),
  (61, 7, '2026-03-27T12:25:13.563446'),
  (61, 7, '2026-03-26T12:25:13.563447'),
  (61, 8, '2026-03-25T12:25:13.563448'),
  (61, 8, '2026-03-24T12:25:13.563449'),
  (62, 3, '2026-03-30T12:25:13.563450'),
  (62, 4, '2026-03-29T12:25:13.563450'),
  (62, 5, '2026-03-28T12:25:13.563451'),
  (62, 5, '2026-03-27T12:25:13.563452'),
  (62, 5, '2026-03-26T12:25:13.563453'),
  (62, 5, '2026-03-25T12:25:13.563453'),
  (62, 5, '2026-03-24T12:25:13.563454'),
  (63, 6, '2026-03-30T12:25:13.563455'),
  (63, 7, '2026-03-29T12:25:13.563455'),
  (63, 5, '2026-03-28T12:25:13.563456'),
  (63, 5, '2026-03-27T12:25:13.563457'),
  (63, 5, '2026-03-26T12:25:13.563458'),
  (63, 5, '2026-03-25T12:25:13.563459'),
  (63, 5, '2026-03-24T12:25:13.563460'),
  (64, 7, '2026-03-30T12:25:13.563460'),
  (64, 4, '2026-03-29T12:25:13.563461'),
  (64, 4, '2026-03-28T12:25:13.563462'),
  (64, 4, '2026-03-27T12:25:13.563462'),
  (64, 4, '2026-03-26T12:25:13.563463'),
  (64, 4, '2026-03-25T12:25:13.563464'),
  (64, 4, '2026-03-24T12:25:13.563465'),
  (65, 3, '2026-03-30T12:25:13.563466'),
  (65, 4, '2026-03-29T12:25:13.563466'),
  (65, 4, '2026-03-28T12:25:13.563467'),
  (65, 4, '2026-03-27T12:25:13.563468'),
  (65, 4, '2026-03-26T12:25:13.563469'),
  (65, 4, '2026-03-25T12:25:13.563469'),
  (65, 2, '2026-03-24T12:25:13.563470'),
  (66, 4, '2026-03-30T12:25:13.563471'),
  (66, 2, '2026-03-29T12:25:13.563472'),
  (66, 2, '2026-03-28T12:25:13.563473'),
  (66, 2, '2026-03-27T12:25:13.563473'),
  (66, 3, '2026-03-26T12:25:13.563474'),
  (66, 3, '2026-03-25T12:25:13.563475'),
  (66, 3, '2026-03-24T12:25:13.563476'),
  (67, 7, '2026-03-30T12:25:13.563476'),
  (67, 9, '2026-03-29T12:25:13.563477'),
  (67, 9, '2026-03-28T12:25:13.563478'),
  (67, 9, '2026-03-27T12:25:13.563478'),
  (67, 9, '2026-03-26T12:25:13.563479'),
  (67, 9, '2026-03-25T12:25:13.563480'),
  (67, 9, '2026-03-24T12:25:13.563480'),
  (68, 6, '2026-03-30T12:25:13.563481'),
  (68, 3, '2026-03-29T12:25:13.563482'),
  (68, 4, '2026-03-28T12:25:13.563483'),
  (68, 4, '2026-03-27T12:25:13.563484'),
  (68, 6, '2026-03-26T12:25:13.563484'),
  (68, 6, '2026-03-25T12:25:13.563485'),
  (68, 6, '2026-03-24T12:25:13.563486'),
  (69, 7, '2026-03-30T12:25:13.563487'),
  (69, 6, '2026-03-29T12:25:13.563487'),
  (69, 6, '2026-03-28T12:25:13.563488'),
  (69, 6, '2026-03-27T12:25:13.563489'),
  (69, 6, '2026-03-26T12:25:13.563489'),
  (69, 6, '2026-03-25T12:25:13.563490'),
  (69, 6, '2026-03-24T12:25:13.563491'),
  (70, 2, '2026-03-30T12:25:13.563491'),
  (70, 1, '2026-03-29T12:25:13.563492'),
  (70, 1, '2026-03-28T12:25:13.563493'),
  (70, 1, '2026-03-27T12:25:13.563494'),
  (70, 1, '2026-03-26T12:25:13.563495'),
  (70, 1, '2026-03-25T12:25:13.563495'),
  (70, 1, '2026-03-24T12:25:13.563496'),
  (71, 4, '2026-03-30T12:25:13.563497'),
  (71, 3, '2026-03-29T12:25:13.563498'),
  (71, 3, '2026-03-28T12:25:13.563499'),
  (71, 3, '2026-03-27T12:25:13.563499'),
  (71, 3, '2026-03-26T12:25:13.563500'),
  (71, 3, '2026-03-25T12:25:13.563501'),
  (71, 3, '2026-03-24T12:25:13.563501'),
  (72, 3, '2026-03-30T12:25:13.563502'),
  (72, 2, '2026-03-29T12:25:13.563503'),
  (72, 2, '2026-03-28T12:25:13.563503'),
  (72, 2, '2026-03-27T12:25:13.563504'),
  (72, 2, '2026-03-26T12:25:13.563505'),
  (72, 2, '2026-03-25T12:25:13.563505'),
  (72, 2, '2026-03-24T12:25:13.563506'),
  (73, 4, '2026-03-30T12:25:13.563507'),
  (73, 5, '2026-03-29T12:25:13.563507'),
  (73, 6, '2026-03-28T12:25:13.563508'),
  (73, 6, '2026-03-27T12:25:13.563509'),
  (73, 7, '2026-03-26T12:25:13.563510'),
  (73, 7, '2026-03-25T12:25:13.563511'),
  (73, 8, '2026-03-24T12:25:13.563512'),
  (74, 8, '2026-03-30T12:25:13.563513'),
  (74, 6, '2026-03-29T12:25:13.563513'),
  (74, 6, '2026-03-28T12:25:13.563514'),
  (74, 6, '2026-03-27T12:25:13.563516'),
  (74, 6, '2026-03-26T12:25:13.563517'),
  (74, 6, '2026-03-25T12:25:13.563517'),
  (74, 6, '2026-03-24T12:25:13.563518'),
  (75, 2, '2026-03-30T12:25:13.563519'),
  (75, 4, '2026-03-29T12:25:13.563519'),
  (75, 6, '2026-03-28T12:25:13.563520'),
  (75, 5, '2026-03-27T12:25:13.563521'),
  (75, 7, '2026-03-26T12:25:13.563522'),
  (75, 5, '2026-03-25T12:25:13.563523'),
  (75, 5, '2026-03-24T12:25:13.563524'),
  (76, 1, '2026-03-30T12:25:13.563525'),
  (76, 3, '2026-03-29T12:25:13.563526'),
  (76, 3, '2026-03-28T12:25:13.563527'),
  (76, 3, '2026-03-27T12:25:13.563527'),
  (76, 3, '2026-03-26T12:25:13.563528'),
  (76, 3, '2026-03-25T12:25:13.563529'),
  (76, 5, '2026-03-24T12:25:13.563529'),
  (77, 1, '2026-03-30T12:25:13.563530'),
  (77, 3, '2026-03-29T12:25:13.563531'),
  (77, 3, '2026-03-28T12:25:13.563532'),
  (77, 2, '2026-03-27T12:25:13.563532'),
  (77, 2, '2026-03-26T12:25:13.563533'),
  (77, 2, '2026-03-25T12:25:13.563534'),
  (77, 2, '2026-03-24T12:25:13.563535'),
  (78, 2, '2026-03-30T12:25:13.563535'),
  (78, 4, '2026-03-29T12:25:13.563536'),
  (78, 4, '2026-03-28T12:25:13.563537'),
  (78, 4, '2026-03-27T12:25:13.563538'),
  (78, 4, '2026-03-26T12:25:13.563539'),
  (78, 4, '2026-03-25T12:25:13.563539'),
  (78, 4, '2026-03-24T12:25:13.563540'),
  (79, 3, '2026-03-30T12:25:13.563540'),
  (79, 1, '2026-03-29T12:25:13.563541'),
  (79, 1, '2026-03-28T12:25:13.563542'),
  (79, 1, '2026-03-27T12:25:13.563543'),
  (79, 1, '2026-03-26T12:25:13.563543'),
  (79, 1, '2026-03-25T12:25:13.563544'),
  (79, 1, '2026-03-24T12:25:13.563545'),
  (80, 1, '2026-03-30T12:25:13.563546'),
  (80, 3, '2026-03-29T12:25:13.563547'),
  (80, 5, '2026-03-28T12:25:13.563547'),
  (80, 5, '2026-03-27T12:25:13.563549'),
  (80, 3, '2026-03-26T12:25:13.563549'),
  (80, 4, '2026-03-25T12:25:13.563550'),
  (80, 4, '2026-03-24T12:25:13.563551'),
  (81, 5, '2026-03-30T12:25:13.563552'),
  (81, 3, '2026-03-29T12:25:13.563553'),
  (81, 3, '2026-03-28T12:25:13.563554'),
  (81, 3, '2026-03-27T12:25:13.563554'),
  (81, 3, '2026-03-26T12:25:13.563555'),
  (81, 3, '2026-03-25T12:25:13.563555'),
  (81, 1, '2026-03-24T12:25:13.563557'),
  (82, 3, '2026-03-30T12:25:13.563558'),
  (82, 2, '2026-03-29T12:25:13.563558'),
  (82, 2, '2026-03-28T12:25:13.563559'),
  (82, 2, '2026-03-27T12:25:13.563560'),
  (82, 2, '2026-03-26T12:25:13.563560'),
  (82, 2, '2026-03-25T12:25:13.563561'),
  (82, 2, '2026-03-24T12:25:13.563562'),
  (83, 1, '2026-03-30T12:25:13.563562'),
  (83, 1, '2026-03-29T12:25:13.563563'),
  (83, 1, '2026-03-28T12:25:13.563564'),
  (83, 1, '2026-03-27T12:25:13.563564'),
  (83, 1, '2026-03-26T12:25:13.563565'),
  (83, 1, '2026-03-25T12:25:13.563566'),
  (83, 2, '2026-03-24T12:25:13.563567'),
  (84, 3, '2026-03-30T12:25:13.563568'),
  (84, 1, '2026-03-29T12:25:13.563569'),
  (84, 1, '2026-03-28T12:25:13.563569'),
  (84, 1, '2026-03-27T12:25:13.563570'),
  (84, 1, '2026-03-26T12:25:13.563571'),
  (84, 1, '2026-03-25T12:25:13.563571'),
  (84, 1, '2026-03-24T12:25:13.563572'),
  (85, 1, '2026-03-30T12:25:13.563573'),
  (85, 1, '2026-03-29T12:25:13.563573'),
  (85, 1, '2026-03-28T12:25:13.563574'),
  (85, 1, '2026-03-27T12:25:13.563575'),
  (85, 1, '2026-03-26T12:25:13.563575'),
  (85, 1, '2026-03-25T12:25:13.563577'),
  (85, 1, '2026-03-24T12:25:13.563577'),
  (86, 1, '2026-03-30T12:25:13.563578'),
  (86, 1, '2026-03-29T12:25:13.563579'),
  (86, 1, '2026-03-28T12:25:13.563579'),
  (86, 1, '2026-03-27T12:25:13.563580'),
  (86, 1, '2026-03-26T12:25:13.563581'),
  (86, 2, '2026-03-25T12:25:13.563582'),
  (86, 2, '2026-03-24T12:25:13.563583'),
  (87, 2, '2026-03-30T12:25:13.563584'),
  (87, 2, '2026-03-29T12:25:13.563585'),
  (87, 2, '2026-03-28T12:25:13.563585'),
  (87, 2, '2026-03-27T12:25:13.563586'),
  (87, 2, '2026-03-26T12:25:13.563587'),
  (87, 2, '2026-03-25T12:25:13.563587'),
  (87, 2, '2026-03-24T12:25:13.563588'),
  (88, 6, '2026-03-30T12:25:13.563589'),
  (88, 8, '2026-03-29T12:25:13.563589'),
  (88, 8, '2026-03-28T12:25:13.563590'),
  (88, 8, '2026-03-27T12:25:13.563591'),
  (88, 8, '2026-03-26T12:25:13.563591'),
  (88, 8, '2026-03-25T12:25:13.563592'),
  (88, 8, '2026-03-24T12:25:13.563593'),
  (89, 5, '2026-03-30T12:25:13.563593'),
  (89, 3, '2026-03-29T12:25:13.563594'),
  (89, 2, '2026-03-28T12:25:13.563595'),
  (89, 2, '2026-03-27T12:25:13.563596'),
  (89, 2, '2026-03-26T12:25:13.563597'),
  (89, 1, '2026-03-25T12:25:13.563598'),
  (89, 1, '2026-03-24T12:25:13.563599'),
  (90, 4, '2026-03-30T12:25:13.563599'),
  (90, 4, '2026-03-29T12:25:13.563600'),
  (90, 4, '2026-03-28T12:25:13.563601'),
  (90, 4, '2026-03-27T12:25:13.563601'),
  (90, 4, '2026-03-26T12:25:13.563602'),
  (90, 3, '2026-03-25T12:25:13.563603'),
  (90, 3, '2026-03-24T12:25:13.563604'),
  (91, 8, '2026-03-30T12:25:13.563604'),
  (91, 9, '2026-03-29T12:25:13.563605'),
  (91, 10, '2026-03-28T12:25:13.563607'),
  (91, 8, '2026-03-27T12:25:13.563608'),
  (91, 8, '2026-03-26T12:25:13.563609'),
  (91, 8, '2026-03-25T12:25:13.563610'),
  (91, 10, '2026-03-24T12:25:13.563611'),
  (92, 1, '2026-03-30T12:25:13.563612'),
  (92, 1, '2026-03-29T12:25:13.563612'),
  (92, 2, '2026-03-28T12:25:13.563613'),
  (92, 2, '2026-03-27T12:25:13.563614'),
  (92, 2, '2026-03-26T12:25:13.563615'),
  (92, 2, '2026-03-25T12:25:13.563616'),
  (92, 2, '2026-03-24T12:25:13.563617'),
  (93, 1, '2026-03-30T12:25:13.563617'),
  (93, 2, '2026-03-29T12:25:13.563618'),
  (93, 4, '2026-03-28T12:25:13.563619'),
  (93, 4, '2026-03-27T12:25:13.563620'),
  (93, 5, '2026-03-26T12:25:13.563620'),
  (93, 7, '2026-03-25T12:25:13.563621'),
  (93, 7, '2026-03-24T12:25:13.563622'),
  (94, 1, '2026-03-30T12:25:13.563623'),
  (94, 1, '2026-03-29T12:25:13.563624'),
  (94, 3, '2026-03-28T12:25:13.563625'),
  (94, 3, '2026-03-27T12:25:13.563626'),
  (94, 3, '2026-03-26T12:25:13.563626'),
  (94, 3, '2026-03-25T12:25:13.563627'),
  (94, 3, '2026-03-24T12:25:13.563628'),
  (95, 2, '2026-03-30T12:25:13.563628'),
  (95, 4, '2026-03-29T12:25:13.563629'),
  (95, 4, '2026-03-28T12:25:13.563630'),
  (95, 6, '2026-03-27T12:25:13.563630'),
  (95, 7, '2026-03-26T12:25:13.563631'),
  (95, 7, '2026-03-25T12:25:13.563633'),
  (95, 9, '2026-03-24T12:25:13.563633'),
  (96, 1, '2026-03-30T12:25:13.563634'),
  (96, 2, '2026-03-29T12:25:13.563635'),
  (96, 2, '2026-03-28T12:25:13.563636'),
  (96, 2, '2026-03-27T12:25:13.563636'),
  (96, 2, '2026-03-26T12:25:13.563637'),
  (96, 3, '2026-03-25T12:25:13.563638'),
  (96, 3, '2026-03-24T12:25:13.563639'),
  (97, 5, '2026-03-30T12:25:13.563640'),
  (97, 2, '2026-03-29T12:25:13.563641'),
  (97, 2, '2026-03-28T12:25:13.563641'),
  (97, 2, '2026-03-27T12:25:13.563642'),
  (97, 2, '2026-03-26T12:25:13.563643'),
  (97, 1, '2026-03-25T12:25:13.563644'),
  (97, 2, '2026-03-24T12:25:13.563645'),
  (98, 1, '2026-03-30T12:25:13.563646'),
  (98, 1, '2026-03-29T12:25:13.563647'),
  (98, 1, '2026-03-28T12:25:13.563647'),
  (98, 1, '2026-03-27T12:25:13.563649'),
  (98, 1, '2026-03-26T12:25:13.563649'),
  (98, 1, '2026-03-25T12:25:13.563650'),
  (98, 1, '2026-03-24T12:25:13.563651'),
  (99, 7, '2026-03-30T12:25:13.563652'),
  (99, 8, '2026-03-29T12:25:13.563652'),
  (99, 6, '2026-03-28T12:25:13.563653'),
  (99, 6, '2026-03-27T12:25:13.563654'),
  (99, 6, '2026-03-26T12:25:13.563655'),
  (99, 6, '2026-03-25T12:25:13.563655'),
  (99, 8, '2026-03-24T12:25:13.563656'),
  (100, 4, '2026-03-30T12:25:13.563657'),
  (100, 1, '2026-03-29T12:25:13.563658'),
  (100, 1, '2026-03-28T12:25:13.563659'),
  (100, 1, '2026-03-27T12:25:13.563660'),
  (100, 1, '2026-03-26T12:25:13.563660'),
  (100, 1, '2026-03-25T12:25:13.563661'),
  (100, 2, '2026-03-24T12:25:13.563662');

INSERT INTO ccap_scores (id, ccap_score, date) VALUES
  (1, 47, '2026-03-30T12:25:13.563663'),
  (1, 47, '2026-03-23T12:25:13.563673'),
  (1, 47, '2026-03-16T12:25:13.563674'),
  (1, 47, '2026-03-09T12:25:13.563675'),
  (1, 47, '2026-03-02T12:25:13.563676'),
  (1, 56, '2026-02-23T12:25:13.563677'),
  (1, 56, '2026-02-16T12:25:13.563679'),
  (2, 136, '2026-03-30T12:25:13.563680'),
  (2, 136, '2026-03-23T12:25:13.563682'),
  (2, 136, '2026-03-16T12:25:13.563683'),
  (2, 136, '2026-03-09T12:25:13.563684'),
  (2, 136, '2026-03-02T12:25:13.563685'),
  (2, 136, '2026-02-23T12:25:13.563686'),
  (2, 165, '2026-02-16T12:25:13.563687'),
  (3, 143, '2026-03-30T12:25:13.563688'),
  (3, 143, '2026-03-23T12:25:13.563690'),
  (3, 143, '2026-03-16T12:25:13.563691'),
  (3, 143, '2026-03-09T12:25:13.563692'),
  (3, 143, '2026-03-02T12:25:13.563693'),
  (3, 157, '2026-02-23T12:25:13.563694'),
  (3, 157, '2026-02-16T12:25:13.563695'),
  (4, 110, '2026-03-30T12:25:13.563696'),
  (4, 90, '2026-03-23T12:25:13.563697'),
  (4, 90, '2026-03-16T12:25:13.563699'),
  (4, 90, '2026-03-09T12:25:13.563700'),
  (4, 61, '2026-03-02T12:25:13.563701'),
  (4, 61, '2026-02-23T12:25:13.563702'),
  (4, 61, '2026-02-16T12:25:13.563703'),
  (5, 37, '2026-03-30T12:25:13.563704'),
  (5, 37, '2026-03-23T12:25:13.563705'),
  (5, 65, '2026-03-16T12:25:13.563706'),
  (5, 35, '2026-03-09T12:25:13.563708'),
  (5, 35, '2026-03-02T12:25:13.563709'),
  (5, 35, '2026-02-23T12:25:13.563710'),
  (5, 35, '2026-02-16T12:25:13.563711'),
  (6, 99, '2026-03-30T12:25:13.563712'),
  (6, 99, '2026-03-23T12:25:13.563713'),
  (6, 80, '2026-03-16T12:25:13.563714'),
  (6, 70, '2026-03-09T12:25:13.563715'),
  (6, 70, '2026-03-02T12:25:13.563717'),
  (6, 70, '2026-02-23T12:25:13.563718'),
  (6, 70, '2026-02-16T12:25:13.563719'),
  (7, 39, '2026-03-30T12:25:13.563720'),
  (7, 66, '2026-03-23T12:25:13.563721'),
  (7, 66, '2026-03-16T12:25:13.563722'),
  (7, 80, '2026-03-09T12:25:13.563723'),
  (7, 80, '2026-03-02T12:25:13.563725'),
  (7, 80, '2026-02-23T12:25:13.563725'),
  (7, 80, '2026-02-16T12:25:13.563737'),
  (8, 123, '2026-03-30T12:25:13.563738'),
  (8, 125, '2026-03-23T12:25:13.563740'),
  (8, 125, '2026-03-16T12:25:13.563741'),
  (8, 123, '2026-03-09T12:25:13.563742'),
  (8, 145, '2026-03-02T12:25:13.563743'),
  (8, 145, '2026-02-23T12:25:13.563745'),
  (8, 145, '2026-02-16T12:25:13.563745'),
  (9, 38, '2026-03-30T12:25:13.563746'),
  (9, 11, '2026-03-23T12:25:13.563748'),
  (9, 11, '2026-03-16T12:25:13.563749'),
  (9, 11, '2026-03-09T12:25:13.563750'),
  (9, 11, '2026-03-02T12:25:13.563751'),
  (9, 11, '2026-02-23T12:25:13.563752'),
  (9, 11, '2026-02-16T12:25:13.563753'),
  (10, 118, '2026-03-30T12:25:13.563754'),
  (10, 118, '2026-03-23T12:25:13.563755'),
  (10, 118, '2026-03-16T12:25:13.563756'),
  (10, 118, '2026-03-09T12:25:13.563757'),
  (10, 115, '2026-03-02T12:25:13.563758'),
  (10, 115, '2026-02-23T12:25:13.563759'),
  (10, 94, '2026-02-16T12:25:13.563761'),
  (11, 66, '2026-03-30T12:25:13.563763'),
  (11, 66, '2026-03-23T12:25:13.563764'),
  (11, 88, '2026-03-16T12:25:13.563765'),
  (11, 88, '2026-03-09T12:25:13.563766'),
  (11, 88, '2026-03-02T12:25:13.563767'),
  (11, 88, '2026-02-23T12:25:13.563768'),
  (11, 88, '2026-02-16T12:25:13.563769'),
  (12, 76, '2026-03-30T12:25:13.563770'),
  (12, 102, '2026-03-23T12:25:13.563771'),
  (12, 103, '2026-03-16T12:25:13.563773'),
  (12, 132, '2026-03-09T12:25:13.563774'),
  (12, 132, '2026-03-02T12:25:13.563775'),
  (12, 154, '2026-02-23T12:25:13.563776'),
  (12, 157, '2026-02-16T12:25:13.563778'),
  (13, 65, '2026-03-30T12:25:13.563779'),
  (13, 73, '2026-03-23T12:25:13.563780'),
  (13, 73, '2026-03-16T12:25:13.563782'),
  (13, 73, '2026-03-09T12:25:13.563783'),
  (13, 73, '2026-03-02T12:25:13.563783'),
  (13, 73, '2026-02-23T12:25:13.563784'),
  (13, 73, '2026-02-16T12:25:13.563785'),
  (14, 147, '2026-03-30T12:25:13.563786'),
  (14, 147, '2026-03-23T12:25:13.563787'),
  (14, 147, '2026-03-16T12:25:13.563788'),
  (14, 147, '2026-03-09T12:25:13.563789'),
  (14, 147, '2026-03-02T12:25:13.563790'),
  (14, 147, '2026-02-23T12:25:13.563791'),
  (14, 121, '2026-02-16T12:25:13.563792'),
  (15, 71, '2026-03-30T12:25:13.563793'),
  (15, 71, '2026-03-23T12:25:13.563795'),
  (15, 85, '2026-03-16T12:25:13.563796'),
  (15, 75, '2026-03-09T12:25:13.563797'),
  (15, 75, '2026-03-02T12:25:13.563798'),
  (15, 75, '2026-02-23T12:25:13.563799'),
  (15, 75, '2026-02-16T12:25:13.563800'),
  (16, 166, '2026-03-30T12:25:13.563801'),
  (16, 176, '2026-03-23T12:25:13.563802'),
  (16, 188, '2026-03-16T12:25:13.563803'),
  (16, 182, '2026-03-09T12:25:13.563805'),
  (16, 200, '2026-03-02T12:25:13.563806'),
  (16, 171, '2026-02-23T12:25:13.563807'),
  (16, 183, '2026-02-16T12:25:13.563809'),
  (17, 36, '2026-03-30T12:25:13.563810'),
  (17, 30, '2026-03-23T12:25:13.563811'),
  (17, 30, '2026-03-16T12:25:13.563813'),
  (17, 45, '2026-03-09T12:25:13.563814'),
  (17, 45, '2026-03-02T12:25:13.563815'),
  (17, 19, '2026-02-23T12:25:13.563816'),
  (17, 19, '2026-02-16T12:25:13.563817'),
  (18, 77, '2026-03-30T12:25:13.563818'),
  (18, 77, '2026-03-23T12:25:13.563819'),
  (18, 77, '2026-03-16T12:25:13.563820'),
  (18, 86, '2026-03-09T12:25:13.563821'),
  (18, 86, '2026-03-02T12:25:13.563822'),
  (18, 86, '2026-02-23T12:25:13.563823'),
  (18, 86, '2026-02-16T12:25:13.563824'),
  (19, 152, '2026-03-30T12:25:13.563825'),
  (19, 137, '2026-03-23T12:25:13.563826'),
  (19, 137, '2026-03-16T12:25:13.563828'),
  (19, 137, '2026-03-09T12:25:13.563829'),
  (19, 137, '2026-03-02T12:25:13.563830'),
  (19, 137, '2026-02-23T12:25:13.563830'),
  (19, 137, '2026-02-16T12:25:13.563831'),
  (20, 180, '2026-03-30T12:25:13.563832'),
  (20, 180, '2026-03-23T12:25:13.563834'),
  (20, 172, '2026-03-16T12:25:13.563834'),
  (20, 192, '2026-03-09T12:25:13.563836'),
  (20, 192, '2026-03-02T12:25:13.563837'),
  (20, 175, '2026-02-23T12:25:13.563838'),
  (20, 175, '2026-02-16T12:25:13.563839'),
  (21, 127, '2026-03-30T12:25:13.563840'),
  (21, 127, '2026-03-23T12:25:13.563842'),
  (21, 127, '2026-03-16T12:25:13.563843'),
  (21, 127, '2026-03-09T12:25:13.563844'),
  (21, 127, '2026-03-02T12:25:13.563844'),
  (21, 127, '2026-02-23T12:25:13.563845'),
  (21, 127, '2026-02-16T12:25:13.563846'),
  (22, 161, '2026-03-30T12:25:13.563847'),
  (22, 161, '2026-03-23T12:25:13.563848'),
  (22, 173, '2026-03-16T12:25:13.563849'),
  (22, 162, '2026-03-09T12:25:13.563851'),
  (22, 170, '2026-03-02T12:25:13.563852'),
  (22, 170, '2026-02-23T12:25:13.563853'),
  (22, 181, '2026-02-16T12:25:13.563854'),
  (23, 42, '2026-03-30T12:25:13.563855'),
  (23, 42, '2026-03-23T12:25:13.563857'),
  (23, 42, '2026-03-16T12:25:13.563858'),
  (23, 42, '2026-03-09T12:25:13.563859'),
  (23, 42, '2026-03-02T12:25:13.563860'),
  (23, 42, '2026-02-23T12:25:13.563861'),
  (23, 42, '2026-02-16T12:25:13.563861'),
  (24, 7, '2026-03-30T12:25:13.563862'),
  (24, 7, '2026-03-23T12:25:13.563864'),
  (24, 0, '2026-03-16T12:25:13.563864'),
  (24, 0, '2026-03-09T12:25:13.563866'),
  (24, 26, '2026-03-02T12:25:13.563867'),
  (24, 26, '2026-02-23T12:25:13.563868'),
  (24, 0, '2026-02-16T12:25:13.563869'),
  (25, 29, '2026-03-30T12:25:13.563871'),
  (25, 29, '2026-03-23T12:25:13.563872'),
  (25, 29, '2026-03-16T12:25:13.563873'),
  (25, 29, '2026-03-09T12:25:13.563874'),
  (25, 29, '2026-03-02T12:25:13.563875'),
  (25, 29, '2026-02-23T12:25:13.563876'),
  (25, 29, '2026-02-16T12:25:13.563876'),
  (26, 78, '2026-03-30T12:25:13.563877'),
  (26, 59, '2026-03-23T12:25:13.563879'),
  (26, 59, '2026-03-16T12:25:13.563880'),
  (26, 59, '2026-03-09T12:25:13.563881'),
  (26, 78, '2026-03-02T12:25:13.563882'),
  (26, 67, '2026-02-23T12:25:13.563883'),
  (26, 67, '2026-02-16T12:25:13.563884'),
  (27, 92, '2026-03-30T12:25:13.563885'),
  (27, 92, '2026-03-23T12:25:13.563887'),
  (27, 92, '2026-03-16T12:25:13.563888'),
  (27, 92, '2026-03-09T12:25:13.563889'),
  (27, 92, '2026-03-02T12:25:13.563890'),
  (27, 92, '2026-02-23T12:25:13.563890'),
  (27, 105, '2026-02-16T12:25:13.563891'),
  (28, 30, '2026-03-30T12:25:13.563893'),
  (28, 30, '2026-03-23T12:25:13.563894'),
  (28, 29, '2026-03-16T12:25:13.563895'),
  (28, 29, '2026-03-09T12:25:13.563896'),
  (28, 29, '2026-03-02T12:25:13.563897'),
  (28, 29, '2026-02-23T12:25:13.563898'),
  (28, 37, '2026-02-16T12:25:13.563899'),
  (29, 19, '2026-03-30T12:25:13.563900'),
  (29, 19, '2026-03-23T12:25:13.563902'),
  (29, 19, '2026-03-16T12:25:13.563902'),
  (29, 35, '2026-03-09T12:25:13.563903'),
  (29, 35, '2026-03-02T12:25:13.563905'),
  (29, 25, '2026-02-23T12:25:13.563906'),
  (29, 25, '2026-02-16T12:25:13.563907'),
  (30, 113, '2026-03-30T12:25:13.563908'),
  (30, 88, '2026-03-23T12:25:13.563909'),
  (30, 88, '2026-03-16T12:25:13.563911'),
  (30, 84, '2026-03-09T12:25:13.563911'),
  (30, 84, '2026-03-02T12:25:13.563913'),
  (30, 78, '2026-02-23T12:25:13.563914'),
  (30, 78, '2026-02-16T12:25:13.563915'),
  (31, 114, '2026-03-30T12:25:13.563916'),
  (31, 98, '2026-03-23T12:25:13.563917'),
  (31, 98, '2026-03-16T12:25:13.563919'),
  (31, 101, '2026-03-09T12:25:13.563920'),
  (31, 102, '2026-03-02T12:25:13.563921'),
  (31, 102, '2026-02-23T12:25:13.563922'),
  (31, 102, '2026-02-16T12:25:13.563923'),
  (32, 80, '2026-03-30T12:25:13.563924'),
  (32, 80, '2026-03-23T12:25:13.563925'),
  (32, 80, '2026-03-16T12:25:13.563926'),
  (32, 80, '2026-03-09T12:25:13.563927'),
  (32, 61, '2026-03-02T12:25:13.563928'),
  (32, 61, '2026-02-23T12:25:13.563929'),
  (32, 34, '2026-02-16T12:25:13.563931'),
  (33, 123, '2026-03-30T12:25:13.563932'),
  (33, 123, '2026-03-23T12:25:13.563933'),
  (33, 123, '2026-03-16T12:25:13.563934'),
  (33, 123, '2026-03-09T12:25:13.563935'),
  (33, 131, '2026-03-02T12:25:13.563936'),
  (33, 131, '2026-02-23T12:25:13.563937'),
  (33, 131, '2026-02-16T12:25:13.563938'),
  (34, 147, '2026-03-30T12:25:13.563939'),
  (34, 147, '2026-03-23T12:25:13.563940'),
  (34, 147, '2026-03-16T12:25:13.563942'),
  (34, 147, '2026-03-09T12:25:13.563942'),
  (34, 147, '2026-03-02T12:25:13.563943'),
  (34, 163, '2026-02-23T12:25:13.563944'),
  (34, 163, '2026-02-16T12:25:13.563945'),
  (35, 98, '2026-03-30T12:25:13.563946'),
  (35, 98, '2026-03-23T12:25:13.563948'),
  (35, 92, '2026-03-16T12:25:13.563949'),
  (35, 62, '2026-03-09T12:25:13.563950'),
  (35, 62, '2026-03-02T12:25:13.563951'),
  (35, 62, '2026-02-23T12:25:13.563952'),
  (35, 85, '2026-02-16T12:25:13.563953'),
  (36, 53, '2026-03-30T12:25:13.563954'),
  (36, 53, '2026-03-23T12:25:13.563956'),
  (36, 42, '2026-03-16T12:25:13.563956'),
  (36, 42, '2026-03-09T12:25:13.563958'),
  (36, 69, '2026-03-02T12:25:13.563959'),
  (36, 69, '2026-02-23T12:25:13.563960'),
  (36, 69, '2026-02-16T12:25:13.563961'),
  (37, 38, '2026-03-30T12:25:13.563962'),
  (37, 53, '2026-03-23T12:25:13.563963'),
  (37, 53, '2026-03-16T12:25:13.563964'),
  (37, 38, '2026-03-09T12:25:13.563965'),
  (37, 38, '2026-03-02T12:25:13.563967'),
  (37, 38, '2026-02-23T12:25:13.563967'),
  (37, 38, '2026-02-16T12:25:13.563968'),
  (38, 57, '2026-03-30T12:25:13.563969'),
  (38, 57, '2026-03-23T12:25:13.563971'),
  (38, 57, '2026-03-16T12:25:13.563971'),
  (38, 57, '2026-03-09T12:25:13.563972'),
  (38, 57, '2026-03-02T12:25:13.563973'),
  (38, 28, '2026-02-23T12:25:13.563974'),
  (38, 50, '2026-02-16T12:25:13.563975'),
  (39, 27, '2026-03-30T12:25:13.563977'),
  (39, 8, '2026-03-23T12:25:13.563978'),
  (39, 8, '2026-03-16T12:25:13.563979'),
  (39, 0, '2026-03-09T12:25:13.563980'),
  (39, 0, '2026-03-02T12:25:13.563982'),
  (39, 0, '2026-02-23T12:25:13.563983'),
  (39, 0, '2026-02-16T12:25:13.563985'),
  (40, 62, '2026-03-30T12:25:13.563986'),
  (40, 71, '2026-03-23T12:25:13.563987'),
  (40, 71, '2026-03-16T12:25:13.563989'),
  (40, 71, '2026-03-09T12:25:13.563989'),
  (40, 90, '2026-03-02T12:25:13.563990'),
  (40, 67, '2026-02-23T12:25:13.563992'),
  (40, 67, '2026-02-16T12:25:13.563993'),
  (41, 35, '2026-03-30T12:25:13.563994'),
  (41, 21, '2026-03-23T12:25:13.563996'),
  (41, 31, '2026-03-16T12:25:13.563997'),
  (41, 31, '2026-03-09T12:25:13.563999'),
  (41, 31, '2026-03-02T12:25:13.564000'),
  (41, 31, '2026-02-23T12:25:13.564000'),
  (41, 31, '2026-02-16T12:25:13.564001'),
  (42, 51, '2026-03-30T12:25:13.564002'),
  (42, 51, '2026-03-23T12:25:13.564003'),
  (42, 51, '2026-03-16T12:25:13.564004'),
  (42, 69, '2026-03-09T12:25:13.564005'),
  (42, 69, '2026-03-02T12:25:13.564006'),
  (42, 69, '2026-02-23T12:25:13.564008'),
  (42, 69, '2026-02-16T12:25:13.564009'),
  (43, 72, '2026-03-30T12:25:13.564010'),
  (43, 72, '2026-03-23T12:25:13.564011'),
  (43, 57, '2026-03-16T12:25:13.564012'),
  (43, 57, '2026-03-09T12:25:13.564013'),
  (43, 57, '2026-03-02T12:25:13.564014'),
  (43, 57, '2026-02-23T12:25:13.564015'),
  (43, 57, '2026-02-16T12:25:13.564016'),
  (44, 129, '2026-03-30T12:25:13.564017'),
  (44, 129, '2026-03-23T12:25:13.564018'),
  (44, 129, '2026-03-16T12:25:13.564019'),
  (44, 148, '2026-03-09T12:25:13.564020'),
  (44, 148, '2026-03-02T12:25:13.564021'),
  (44, 148, '2026-02-23T12:25:13.564022'),
  (44, 125, '2026-02-16T12:25:13.564023'),
  (45, 128, '2026-03-30T12:25:13.564024'),
  (45, 106, '2026-03-23T12:25:13.564026'),
  (45, 106, '2026-03-16T12:25:13.564027'),
  (45, 131, '2026-03-09T12:25:13.564028'),
  (45, 155, '2026-03-02T12:25:13.564029'),
  (45, 155, '2026-02-23T12:25:13.564030'),
  (45, 155, '2026-02-16T12:25:13.564031'),
  (46, 105, '2026-03-30T12:25:13.564032'),
  (46, 105, '2026-03-23T12:25:13.564033'),
  (46, 105, '2026-03-16T12:25:13.564034'),
  (46, 92, '2026-03-09T12:25:13.564035'),
  (46, 92, '2026-03-02T12:25:13.564036'),
  (46, 92, '2026-02-23T12:25:13.564037'),
  (46, 121, '2026-02-16T12:25:13.564038'),
  (47, 144, '2026-03-30T12:25:13.564040'),
  (47, 173, '2026-03-23T12:25:13.564041'),
  (47, 173, '2026-03-16T12:25:13.564044'),
  (47, 173, '2026-03-09T12:25:13.564045'),
  (47, 173, '2026-03-02T12:25:13.564045'),
  (47, 173, '2026-02-23T12:25:13.564046'),
  (47, 173, '2026-02-16T12:25:13.564047'),
  (48, 34, '2026-03-30T12:25:13.564048'),
  (48, 34, '2026-03-23T12:25:13.564049'),
  (48, 10, '2026-03-16T12:25:13.564050'),
  (48, 10, '2026-03-09T12:25:13.564051'),
  (48, 5, '2026-03-02T12:25:13.564052'),
  (48, 5, '2026-02-23T12:25:13.564054'),
  (48, 5, '2026-02-16T12:25:13.564055'),
  (49, 110, '2026-03-30T12:25:13.564055'),
  (49, 110, '2026-03-23T12:25:13.564057'),
  (49, 110, '2026-03-16T12:25:13.564058'),
  (49, 116, '2026-03-09T12:25:13.564059'),
  (49, 116, '2026-03-02T12:25:13.564060'),
  (49, 116, '2026-02-23T12:25:13.564061'),
  (49, 105, '2026-02-16T12:25:13.564062'),
  (50, 85, '2026-03-30T12:25:13.564063'),
  (50, 91, '2026-03-23T12:25:13.564064'),
  (50, 91, '2026-03-16T12:25:13.564066'),
  (50, 91, '2026-03-09T12:25:13.564067'),
  (50, 91, '2026-03-02T12:25:13.564068'),
  (50, 91, '2026-02-23T12:25:13.564069'),
  (50, 85, '2026-02-16T12:25:13.564070'),
  (51, 89, '2026-03-30T12:25:13.564071'),
  (51, 89, '2026-03-23T12:25:13.564072'),
  (51, 101, '2026-03-16T12:25:13.564073'),
  (51, 101, '2026-03-09T12:25:13.564075'),
  (51, 101, '2026-03-02T12:25:13.564076'),
  (51, 101, '2026-02-23T12:25:13.564076'),
  (51, 103, '2026-02-16T12:25:13.564077'),
  (52, 109, '2026-03-30T12:25:13.564079'),
  (52, 109, '2026-03-23T12:25:13.564080'),
  (52, 109, '2026-03-16T12:25:13.564081'),
  (52, 109, '2026-03-09T12:25:13.564082'),
  (52, 109, '2026-03-02T12:25:13.564083'),
  (52, 111, '2026-02-23T12:25:13.564083'),
  (52, 139, '2026-02-16T12:25:13.564085'),
  (53, 66, '2026-03-30T12:25:13.564086'),
  (53, 66, '2026-03-23T12:25:13.564088'),
  (53, 60, '2026-03-16T12:25:13.564089'),
  (53, 30, '2026-03-09T12:25:13.564090'),
  (53, 30, '2026-03-02T12:25:13.564091'),
  (53, 30, '2026-02-23T12:25:13.564092'),
  (53, 30, '2026-02-16T12:25:13.564093'),
  (54, 61, '2026-03-30T12:25:13.564094'),
  (54, 61, '2026-03-23T12:25:13.564095'),
  (54, 61, '2026-03-16T12:25:13.564096'),
  (54, 61, '2026-03-09T12:25:13.564097'),
  (54, 61, '2026-03-02T12:25:13.564098'),
  (54, 61, '2026-02-23T12:25:13.564099'),
  (54, 61, '2026-02-16T12:25:13.564100'),
  (55, 95, '2026-03-30T12:25:13.564101'),
  (55, 95, '2026-03-23T12:25:13.564102'),
  (55, 95, '2026-03-16T12:25:13.564103'),
  (55, 80, '2026-03-09T12:25:13.564104'),
  (55, 80, '2026-03-02T12:25:13.564105'),
  (55, 80, '2026-02-23T12:25:13.564106'),
  (55, 80, '2026-02-16T12:25:13.564107'),
  (56, 94, '2026-03-30T12:25:13.564108'),
  (56, 94, '2026-03-23T12:25:13.564109'),
  (56, 94, '2026-03-16T12:25:13.564110'),
  (56, 94, '2026-03-09T12:25:13.564111'),
  (56, 94, '2026-03-02T12:25:13.564112'),
  (56, 66, '2026-02-23T12:25:13.564113'),
  (56, 66, '2026-02-16T12:25:13.564114'),
  (57, 99, '2026-03-30T12:25:13.564115'),
  (57, 107, '2026-03-23T12:25:13.564116'),
  (57, 107, '2026-03-16T12:25:13.564118'),
  (57, 127, '2026-03-09T12:25:13.564119'),
  (57, 127, '2026-03-02T12:25:13.564120'),
  (57, 149, '2026-02-23T12:25:13.564121'),
  (57, 149, '2026-02-16T12:25:13.564122'),
  (58, 70, '2026-03-30T12:25:13.564123'),
  (58, 70, '2026-03-23T12:25:13.564124'),
  (58, 83, '2026-03-16T12:25:13.564125'),
  (58, 83, '2026-03-09T12:25:13.564126'),
  (58, 83, '2026-03-02T12:25:13.564127'),
  (58, 83, '2026-02-23T12:25:13.564128'),
  (58, 83, '2026-02-16T12:25:13.564129'),
  (59, 77, '2026-03-30T12:25:13.564130'),
  (59, 77, '2026-03-23T12:25:13.564131'),
  (59, 73, '2026-03-16T12:25:13.564132'),
  (59, 73, '2026-03-09T12:25:13.564134'),
  (59, 73, '2026-03-02T12:25:13.564134'),
  (59, 73, '2026-02-23T12:25:13.564135'),
  (59, 73, '2026-02-16T12:25:13.564136'),
  (60, 73, '2026-03-30T12:25:13.564137'),
  (60, 73, '2026-03-23T12:25:13.564138'),
  (60, 61, '2026-03-16T12:25:13.564139'),
  (60, 62, '2026-03-09T12:25:13.564140'),
  (60, 71, '2026-03-02T12:25:13.564142'),
  (60, 71, '2026-02-23T12:25:13.564143'),
  (60, 82, '2026-02-16T12:25:13.564144'),
  (61, 83, '2026-03-30T12:25:13.564145'),
  (61, 81, '2026-03-23T12:25:13.564147'),
  (61, 81, '2026-03-16T12:25:13.564148'),
  (61, 81, '2026-03-09T12:25:13.564149'),
  (61, 81, '2026-03-02T12:25:13.564150'),
  (61, 81, '2026-02-23T12:25:13.564151'),
  (61, 83, '2026-02-16T12:25:13.564151'),
  (62, 23, '2026-03-30T12:25:13.564153'),
  (62, 23, '2026-03-23T12:25:13.564154'),
  (62, 0, '2026-03-16T12:25:13.564155'),
  (62, 0, '2026-03-09T12:25:13.564156'),
  (62, 0, '2026-03-02T12:25:13.564157'),
  (62, 0, '2026-02-23T12:25:13.564158'),
  (62, 0, '2026-02-16T12:25:13.564159'),
  (63, 107, '2026-03-30T12:25:13.564160'),
  (63, 107, '2026-03-23T12:25:13.564161'),
  (63, 94, '2026-03-16T12:25:13.564162'),
  (63, 94, '2026-03-09T12:25:13.564163'),
  (63, 94, '2026-03-02T12:25:13.564164'),
  (63, 94, '2026-02-23T12:25:13.564165'),
  (63, 94, '2026-02-16T12:25:13.564166'),
  (64, 61, '2026-03-30T12:25:13.564167'),
  (64, 37, '2026-03-23T12:25:13.564168'),
  (64, 58, '2026-03-16T12:25:13.564170'),
  (64, 58, '2026-03-09T12:25:13.564171'),
  (64, 58, '2026-03-02T12:25:13.564172'),
  (64, 40, '2026-02-23T12:25:13.564173'),
  (64, 40, '2026-02-16T12:25:13.564174'),
  (65, 78, '2026-03-30T12:25:13.564175'),
  (65, 78, '2026-03-23T12:25:13.564176'),
  (65, 98, '2026-03-16T12:25:13.564177'),
  (65, 115, '2026-03-09T12:25:13.564178'),
  (65, 115, '2026-03-02T12:25:13.564180'),
  (65, 115, '2026-02-23T12:25:13.564181'),
  (65, 125, '2026-02-16T12:25:13.564181'),
  (66, 72, '2026-03-30T12:25:13.564183'),
  (66, 101, '2026-03-23T12:25:13.564184'),
  (66, 101, '2026-03-16T12:25:13.564185'),
  (66, 101, '2026-03-09T12:25:13.564186'),
  (66, 101, '2026-03-02T12:25:13.564187'),
  (66, 101, '2026-02-23T12:25:13.564188'),
  (66, 122, '2026-02-16T12:25:13.564189'),
  (67, 102, '2026-03-30T12:25:13.564190'),
  (67, 80, '2026-03-23T12:25:13.564192'),
  (67, 80, '2026-03-16T12:25:13.564193'),
  (67, 80, '2026-03-09T12:25:13.564194'),
  (67, 80, '2026-03-02T12:25:13.564195'),
  (67, 80, '2026-02-23T12:25:13.564195'),
  (67, 80, '2026-02-16T12:25:13.564196'),
  (68, 141, '2026-03-30T12:25:13.564197'),
  (68, 141, '2026-03-23T12:25:13.564198'),
  (68, 141, '2026-03-16T12:25:13.564200'),
  (68, 141, '2026-03-09T12:25:13.564201'),
  (68, 141, '2026-03-02T12:25:13.564202'),
  (68, 141, '2026-02-23T12:25:13.564202'),
  (68, 141, '2026-02-16T12:25:13.564203'),
  (69, 99, '2026-03-30T12:25:13.564204'),
  (69, 117, '2026-03-23T12:25:13.564206'),
  (69, 117, '2026-03-16T12:25:13.564207'),
  (69, 117, '2026-03-09T12:25:13.564208'),
  (69, 117, '2026-03-02T12:25:13.564209'),
  (69, 117, '2026-02-23T12:25:13.564210'),
  (69, 117, '2026-02-16T12:25:13.564210'),
  (70, 55, '2026-03-30T12:25:13.564211'),
  (70, 55, '2026-03-23T12:25:13.564213'),
  (70, 55, '2026-03-16T12:25:13.564213'),
  (70, 55, '2026-03-09T12:25:13.564214'),
  (70, 65, '2026-03-02T12:25:13.564215'),
  (70, 65, '2026-02-23T12:25:13.564216'),
  (70, 76, '2026-02-16T12:25:13.564217'),
  (71, 1, '2026-03-30T12:25:13.564219'),
  (71, 1, '2026-03-23T12:25:13.564220'),
  (71, 1, '2026-03-16T12:25:13.564221'),
  (71, 30, '2026-03-09T12:25:13.564222'),
  (71, 30, '2026-03-02T12:25:13.564223'),
  (71, 38, '2026-02-23T12:25:13.564224'),
  (71, 38, '2026-02-16T12:25:13.564226'),
  (72, 105, '2026-03-30T12:25:13.564227'),
  (72, 85, '2026-03-23T12:25:13.564228'),
  (72, 89, '2026-03-16T12:25:13.564229'),
  (72, 89, '2026-03-09T12:25:13.564230'),
  (72, 89, '2026-03-02T12:25:13.564231'),
  (72, 66, '2026-02-23T12:25:13.564232'),
  (72, 66, '2026-02-16T12:25:13.564234'),
  (73, 29, '2026-03-30T12:25:13.564235'),
  (73, 16, '2026-03-23T12:25:13.564236'),
  (73, 16, '2026-03-16T12:25:13.564237'),
  (73, 16, '2026-03-09T12:25:13.564238'),
  (73, 16, '2026-03-02T12:25:13.564239'),
  (73, 16, '2026-02-23T12:25:13.564240'),
  (73, 0, '2026-02-16T12:25:13.564241'),
  (74, 155, '2026-03-30T12:25:13.564242'),
  (74, 155, '2026-03-23T12:25:13.564243'),
  (74, 155, '2026-03-16T12:25:13.564244'),
  (74, 151, '2026-03-09T12:25:13.564245'),
  (74, 151, '2026-03-02T12:25:13.564246'),
  (74, 151, '2026-02-23T12:25:13.564247'),
  (74, 151, '2026-02-16T12:25:13.564248'),
  (75, 65, '2026-03-30T12:25:13.564249'),
  (75, 65, '2026-03-23T12:25:13.564251'),
  (75, 65, '2026-03-16T12:25:13.564251'),
  (75, 65, '2026-03-09T12:25:13.564252'),
  (75, 65, '2026-03-02T12:25:13.564253'),
  (75, 76, '2026-02-23T12:25:13.564254'),
  (75, 53, '2026-02-16T12:25:13.564255'),
  (76, 127, '2026-03-30T12:25:13.564257'),
  (76, 127, '2026-03-23T12:25:13.564258'),
  (76, 97, '2026-03-16T12:25:13.564259'),
  (76, 97, '2026-03-09T12:25:13.564260'),
  (76, 97, '2026-03-02T12:25:13.564261'),
  (76, 97, '2026-02-23T12:25:13.564262'),
  (76, 97, '2026-02-16T12:25:13.564263'),
  (77, 108, '2026-03-30T12:25:13.564264'),
  (77, 125, '2026-03-23T12:25:13.564265'),
  (77, 125, '2026-03-16T12:25:13.564266'),
  (77, 125, '2026-03-09T12:25:13.564267'),
  (77, 125, '2026-03-02T12:25:13.564268'),
  (77, 125, '2026-02-23T12:25:13.564269'),
  (77, 125, '2026-02-16T12:25:13.564270'),
  (78, 91, '2026-03-30T12:25:13.564271'),
  (78, 91, '2026-03-23T12:25:13.564272'),
  (78, 109, '2026-03-16T12:25:13.564273'),
  (78, 109, '2026-03-09T12:25:13.564274'),
  (78, 109, '2026-03-02T12:25:13.564275'),
  (78, 109, '2026-02-23T12:25:13.564276'),
  (78, 109, '2026-02-16T12:25:13.564277'),
  (79, 1, '2026-03-30T12:25:13.564278'),
  (79, 1, '2026-03-23T12:25:13.564279'),
  (79, 12, '2026-03-16T12:25:13.564280'),
  (79, 12, '2026-03-09T12:25:13.564282'),
  (79, 12, '2026-03-02T12:25:13.564282'),
  (79, 0, '2026-02-23T12:25:13.564283'),
  (79, 0, '2026-02-16T12:25:13.564285'),
  (80, 33, '2026-03-30T12:25:13.564286'),
  (80, 33, '2026-03-23T12:25:13.564287'),
  (80, 63, '2026-03-16T12:25:13.564288'),
  (80, 63, '2026-03-09T12:25:13.564289'),
  (80, 63, '2026-03-02T12:25:13.564290'),
  (80, 86, '2026-02-23T12:25:13.564291'),
  (80, 63, '2026-02-16T12:25:13.564292'),
  (81, 46, '2026-03-30T12:25:13.564293'),
  (81, 46, '2026-03-23T12:25:13.564295'),
  (81, 46, '2026-03-16T12:25:13.564296'),
  (81, 46, '2026-03-09T12:25:13.564296'),
  (81, 46, '2026-03-02T12:25:13.564297'),
  (81, 19, '2026-02-23T12:25:13.564298'),
  (81, 19, '2026-02-16T12:25:13.564299'),
  (82, 123, '2026-03-30T12:25:13.564300'),
  (82, 123, '2026-03-23T12:25:13.564302'),
  (82, 123, '2026-03-16T12:25:13.564303'),
  (82, 149, '2026-03-09T12:25:13.564303'),
  (82, 149, '2026-03-02T12:25:13.564305'),
  (82, 149, '2026-02-23T12:25:13.564306'),
  (82, 149, '2026-02-16T12:25:13.564307'),
  (83, 25, '2026-03-30T12:25:13.564307'),
  (83, 25, '2026-03-23T12:25:13.564309'),
  (83, 25, '2026-03-16T12:25:13.564310'),
  (83, 7, '2026-03-09T12:25:13.564311'),
  (83, 7, '2026-03-02T12:25:13.564312'),
  (83, 0, '2026-02-23T12:25:13.564314'),
  (83, 0, '2026-02-16T12:25:13.564315'),
  (84, 55, '2026-03-30T12:25:13.564316'),
  (84, 55, '2026-03-23T12:25:13.564317'),
  (84, 42, '2026-03-16T12:25:13.564318'),
  (84, 44, '2026-03-09T12:25:13.564320'),
  (84, 44, '2026-03-02T12:25:13.564321'),
  (84, 44, '2026-02-23T12:25:13.564322'),
  (84, 44, '2026-02-16T12:25:13.564323'),
  (85, 78, '2026-03-30T12:25:13.564324'),
  (85, 90, '2026-03-23T12:25:13.564325'),
  (85, 89, '2026-03-16T12:25:13.564326'),
  (85, 89, '2026-03-09T12:25:13.564328'),
  (85, 89, '2026-03-02T12:25:13.564329'),
  (85, 89, '2026-02-23T12:25:13.564330'),
  (85, 89, '2026-02-16T12:25:13.564330'),
  (86, 103, '2026-03-30T12:25:13.564331'),
  (86, 103, '2026-03-23T12:25:13.564333'),
  (86, 103, '2026-03-16T12:25:13.564334'),
  (86, 103, '2026-03-09T12:25:13.564335'),
  (86, 103, '2026-03-02T12:25:13.564336'),
  (86, 103, '2026-02-23T12:25:13.564337'),
  (86, 103, '2026-02-16T12:25:13.564337'),
  (87, 86, '2026-03-30T12:25:13.564338'),
  (87, 86, '2026-03-23T12:25:13.564340'),
  (87, 86, '2026-03-16T12:25:13.564341'),
  (87, 86, '2026-03-09T12:25:13.564342'),
  (87, 86, '2026-03-02T12:25:13.564342'),
  (87, 86, '2026-02-23T12:25:13.564343'),
  (87, 83, '2026-02-16T12:25:13.564344'),
  (88, 54, '2026-03-30T12:25:13.564346'),
  (88, 54, '2026-03-23T12:25:13.564347'),
  (88, 54, '2026-03-16T12:25:13.564348'),
  (88, 54, '2026-03-09T12:25:13.564350'),
  (88, 54, '2026-03-02T12:25:13.564350'),
  (88, 54, '2026-02-23T12:25:13.564351'),
  (88, 59, '2026-02-16T12:25:13.564352'),
  (89, 126, '2026-03-30T12:25:13.564354'),
  (89, 126, '2026-03-23T12:25:13.564355'),
  (89, 126, '2026-03-16T12:25:13.564356'),
  (89, 126, '2026-03-09T12:25:13.564357'),
  (89, 126, '2026-03-02T12:25:13.564358'),
  (89, 126, '2026-02-23T12:25:13.564359'),
  (89, 126, '2026-02-16T12:25:13.564359'),
  (90, 82, '2026-03-30T12:25:13.564360'),
  (90, 82, '2026-03-23T12:25:13.564362'),
  (90, 82, '2026-03-16T12:25:13.564362'),
  (90, 82, '2026-03-09T12:25:13.564363'),
  (90, 82, '2026-03-02T12:25:13.564364'),
  (90, 82, '2026-02-23T12:25:13.564365'),
  (90, 82, '2026-02-16T12:25:13.564366'),
  (91, 81, '2026-03-30T12:25:13.564367'),
  (91, 64, '2026-03-23T12:25:13.564368'),
  (91, 64, '2026-03-16T12:25:13.564370'),
  (91, 64, '2026-03-09T12:25:13.564370'),
  (91, 64, '2026-03-02T12:25:13.564371'),
  (91, 64, '2026-02-23T12:25:13.564372'),
  (91, 64, '2026-02-16T12:25:13.564373'),
  (92, 1, '2026-03-30T12:25:13.564374'),
  (92, 1, '2026-03-23T12:25:13.564375'),
  (92, 1, '2026-03-16T12:25:13.564376'),
  (92, 1, '2026-03-09T12:25:13.564377'),
  (92, 0, '2026-03-02T12:25:13.564378'),
  (92, 0, '2026-02-23T12:25:13.564379'),
  (92, 0, '2026-02-16T12:25:13.564381'),
  (93, 29, '2026-03-30T12:25:13.564381'),
  (93, 24, '2026-03-23T12:25:13.564383'),
  (93, 24, '2026-03-16T12:25:13.564384'),
  (93, 24, '2026-03-09T12:25:13.564385'),
  (93, 24, '2026-03-02T12:25:13.564386'),
  (93, 24, '2026-02-23T12:25:13.564387'),
  (93, 15, '2026-02-16T12:25:13.564387'),
  (94, 2, '2026-03-30T12:25:13.564389'),
  (94, 2, '2026-03-23T12:25:13.564390'),
  (94, 2, '2026-03-16T12:25:13.564391'),
  (94, 2, '2026-03-09T12:25:13.564392'),
  (94, 2, '2026-03-02T12:25:13.564393'),
  (94, 2, '2026-02-23T12:25:13.564394'),
  (94, 2, '2026-02-16T12:25:13.564394'),
  (95, 84, '2026-03-30T12:25:13.564395'),
  (95, 104, '2026-03-23T12:25:13.564397'),
  (95, 126, '2026-03-16T12:25:13.564398'),
  (95, 144, '2026-03-09T12:25:13.564399'),
  (95, 144, '2026-03-02T12:25:13.564401'),
  (95, 144, '2026-02-23T12:25:13.564402'),
  (95, 144, '2026-02-16T12:25:13.564402'),
  (96, 69, '2026-03-30T12:25:13.564403'),
  (96, 69, '2026-03-23T12:25:13.564405'),
  (96, 69, '2026-03-16T12:25:13.564405'),
  (96, 69, '2026-03-09T12:25:13.564406'),
  (96, 69, '2026-03-02T12:25:13.564407'),
  (96, 58, '2026-02-23T12:25:13.564408'),
  (96, 58, '2026-02-16T12:25:13.564409'),
  (97, 83, '2026-03-30T12:25:13.564410'),
  (97, 83, '2026-03-23T12:25:13.564412'),
  (97, 83, '2026-03-16T12:25:13.564413'),
  (97, 98, '2026-03-09T12:25:13.564413'),
  (97, 98, '2026-03-02T12:25:13.564415'),
  (97, 126, '2026-02-23T12:25:13.564416'),
  (97, 126, '2026-02-16T12:25:13.564417'),
  (98, 93, '2026-03-30T12:25:13.564418'),
  (98, 118, '2026-03-23T12:25:13.564419'),
  (98, 123, '2026-03-16T12:25:13.564420'),
  (98, 123, '2026-03-09T12:25:13.564422'),
  (98, 110, '2026-03-02T12:25:13.564422'),
  (98, 101, '2026-02-23T12:25:13.564424'),
  (98, 100, '2026-02-16T12:25:13.564425'),
  (99, 85, '2026-03-30T12:25:13.564426'),
  (99, 85, '2026-03-23T12:25:13.564428'),
  (99, 59, '2026-03-16T12:25:13.564429'),
  (99, 33, '2026-03-09T12:25:13.564430'),
  (99, 42, '2026-03-02T12:25:13.564431'),
  (99, 42, '2026-02-23T12:25:13.564433'),
  (99, 42, '2026-02-16T12:25:13.564433'),
  (100, 37, '2026-03-30T12:25:13.564434'),
  (100, 37, '2026-03-23T12:25:13.564436'),
  (100, 37, '2026-03-16T12:25:13.564436'),
  (100, 37, '2026-03-09T12:25:13.564437'),
  (100, 37, '2026-03-02T12:25:13.564438'),
  (100, 37, '2026-02-23T12:25:13.564439'),
  (100, 50, '2026-02-16T12:25:13.564440');

-- Done.
